"疾病編號","疾病","層面","欄位","值","來源（文件名稱與網址）","資料日期","適用地區","來源差異或使用條件說明"
"1","狂犬病","人類","人類致死率（未治療）","臨床症狀出現後幾近 100% 致死；不是所有暴露者。","WHO Rabies https://www.who.int/news-room/fact-sheets/detail/rabies","2024-06-05","全球","已於 2026-09-10 查證此列來源；僅採用頁面直接支持的疾病背景，不推定我國現況。"
"1","狂犬病","人類","重症或長期失能比例","臨床發病後為急性腦炎；長期失能比例本次未另摘錄。","WHO Rabies https://www.who.int/news-room/fact-sheets/detail/rabies","2024-06-05","全球","已於 2026-09-10 查證此列來源；僅採用頁面直接支持的疾病背景，不推定我國現況。"
"1","狂犬病","人類","人類年通報數／發生率","待查：NIDSS 逐病互動查詢，由疾病監測承辦人補。","疾管署 NIDSS 傳染病統計資料查詢系統 https://nidss.cdc.gov.tw/","待查：須記錄實際查詢日","我國","本次未執行逐病互動查詢；待查不代表零。由疾病監測或動物衛生承辦人補，並記錄實際查詢日。"
"1","狂犬病","人類","人傳人能力","一般不經人傳人；罕見器官移植傳播需與一般暴露分開看。","WHO Rabies https://www.who.int/news-room/fact-sheets/detail/rabies","2024-06-05","全球","已於 2026-09-10 查證此列來源；僅採用頁面直接支持的疾病背景，不推定我國現況。"
"1","狂犬病","人類","高風險／易感族群衝擊","被疑似感染哺乳動物咬傷或抓傷者；兒童暴露風險需依場景評估。","WHO Rabies https://www.who.int/news-room/fact-sheets/detail/rabies","2024-06-05","全球","已於 2026-09-10 查證此列來源；僅採用頁面直接支持的疾病背景，不推定我國現況。"
"1","狂犬病","人類","法定傳染病分類／通報層級","待查：依主管機關現行資料逐病核對。","疾管署／農業部現行法規與公告入口 https://www.cdc.gov.tw/；https://www.moa.gov.tw/","待查：須記錄實際查詢日","我國","本次未執行逐病互動查詢；待查不代表零。由疾病監測或動物衛生承辦人補，並記錄實際查詢日。"
"1","狂犬病","動物","動物族群致死率","待查：本次來源未提供動物族群致死率的可比較分母與比例。","WHO Rabies https://www.who.int/news-room/fact-sheets/detail/rabies","2024-06-05","全球","已於 2026-09-10 查證此列來源；僅採用頁面直接支持的疾病背景，不推定我國現況。"
"1","狂犬病","動物","畜禽生產衝擊","犬隻等動物死亡及暴露後討論結果可能造成成本；量化待查。","WHO Rabies https://www.who.int/news-room/fact-sheets/detail/rabies","2024-06-05","全球","已於 2026-09-10 查證此列來源；僅採用頁面直接支持的疾病背景，不推定我國現況。"
"1","狂犬病","動物","宿主範圍廣度","多種哺乳類可感染與傳播。","WHO Rabies https://www.who.int/news-room/fact-sheets/detail/rabies","2024-06-05","全球","已於 2026-09-10 查證此列來源；僅採用頁面直接支持的疾病背景，不推定我國現況。"
"1","狂犬病","動物","WOAH 通報疾病","待查：依 WOAH Terrestrial Animal Health Code 第 1.3 章逐病核對。","WOAH Terrestrial Animal Health Code https://www.woah.org/en/what-we-do/standards/codes-and-manuals/terrestrial-code-online-access/","待查：實際閱讀並核對日","全球","疾病專頁或舊網頁不等於現行 Listed disease；由動物衛生或 WOAH 聯絡窗口補核。"
"1","狂犬病","動物","國內動物疫情活躍度","待查：依主管機關現行資料逐病核對。","疾管署／農業部現行法規與公告入口 https://www.cdc.gov.tw/；https://www.moa.gov.tw/","待查：須記錄實際查詢日","我國","本次未執行逐病互動查詢；待查不代表零。由疾病監測或動物衛生承辦人補，並記錄實際查詢日。"
"1","狂犬病","動物","野生動物保毒宿主","美洲部分地區吸血蝙蝠為人類感染的重要來源；其他野生哺乳類相關人類死亡罕見，地區條件需保留。","WHO Rabies https://www.who.int/news-room/fact-sheets/detail/rabies","2024-06-05","全球","已於 2026-09-10 查證此列來源；僅採用頁面直接支持的疾病背景，不推定我國現況。"
"1","狂犬病","環境","病媒存在與氣候適生性","非病媒傳播；以感染哺乳動物唾液的咬傷或抓傷為主。","WHO Rabies https://www.who.int/news-room/fact-sheets/detail/rabies","2024-06-05","全球","已於 2026-09-10 查證此列來源；僅採用頁面直接支持的疾病背景，不推定我國現況。"
"1","狂犬病","環境","環境存活／持久性","本次未蒐集。","WHO Rabies https://www.who.int/news-room/fact-sheets/detail/rabies","2024-06-05","全球","已於 2026-09-10 查證此列來源；僅採用頁面直接支持的疾病背景，不推定我國現況。"
"1","狂犬病","環境","氣候變遷敏感度","本次未蒐集：待查 氣候變遷敏感度 的可比較定義與資料。","WHO Rabies https://www.who.int/news-room/fact-sheets/detail/rabies","2024-06-05","待查：依來源實際適用區域標示","時間有限的練習保留完整欄位；此格尚未作疾病別查證。由資料整理人員補查並記錄實際閱讀並核對日。"
"1","狂犬病","環境","跨境／境外移入風險","本次未蒐集：待查 跨境／境外移入風險 的可比較定義與資料。","WHO Rabies https://www.who.int/news-room/fact-sheets/detail/rabies","2024-06-05","待查：依來源實際適用區域標示","時間有限的練習保留完整欄位；此格尚未作疾病別查證。由資料整理人員補查並記錄實際閱讀並核對日。"
"1","狂犬病","食安與抗藥性","食品鏈傳播關聯","本次未蒐集：待查 食品鏈傳播關聯 的可比較定義與資料。","WHO Rabies https://www.who.int/news-room/fact-sheets/detail/rabies","2024-06-05","待查：依來源實際適用區域標示","時間有限的練習保留完整欄位；此格尚未作疾病別查證。由資料整理人員補查並記錄實際閱讀並核對日。"
"1","狂犬病","食安與抗藥性","抗微生物抗藥性關聯","本次未蒐集：待查 抗微生物抗藥性關聯 的可比較定義與資料。","WHO Rabies https://www.who.int/news-room/fact-sheets/detail/rabies","2024-06-05","待查：依來源實際適用區域標示","時間有限的練習保留完整欄位；此格尚未作疾病別查證。由資料整理人員補查並記錄實際閱讀並核對日。"
"1","狂犬病","食安與抗藥性","食安事件頻率","本次未蒐集：待查 食安事件頻率 的可比較定義與資料。","WHO Rabies https://www.who.int/news-room/fact-sheets/detail/rabies","2024-06-05","待查：依來源實際適用區域標示","時間有限的練習保留完整欄位；此格尚未作疾病別查證。由資料整理人員補查並記錄實際閱讀並核對日。"
"1","狂犬病","防治能力與資源","人用疫苗","有人用疫苗與暴露後預防；發病後不能當作有效治療。","WHO Rabies https://www.who.int/news-room/fact-sheets/detail/rabies","2024-06-05","全球","已於 2026-09-10 查證此列來源；僅採用頁面直接支持的疾病背景，不推定我國現況。"
"1","狂犬病","防治能力與資源","動物疫苗","有犬用疫苗；覆蓋率與我國是否容易取得待查。","WHO Rabies https://www.who.int/news-room/fact-sheets/detail/rabies","2024-06-05","全球","已於 2026-09-10 查證此列來源；僅採用頁面直接支持的疾病背景，不推定我國現況。"
"1","狂犬病","防治能力與資源","人用有效治療","發病後無公認有效特異治療；暴露後預防可避免發病。","WHO Rabies https://www.who.int/news-room/fact-sheets/detail/rabies","2024-06-05","全球","已於 2026-09-10 查證此列來源；僅採用頁面直接支持的疾病背景，不推定我國現況。"
"1","狂犬病","防治能力與資源","實驗室診斷能力與資源","待查：我國人、動物實驗室檢驗流程與是否容易取得。","WHO Rabies https://www.who.int/news-room/fact-sheets/detail/rabies","2024-06-05","全球","已於 2026-09-10 查證此列來源；僅採用頁面直接支持的疾病背景，不推定我國現況。"
"1","狂犬病","防治能力與資源","兩部門監測能力與資源","待補資料（補齊前不計分）：本次不評核，不能由公開頁面推論兩部門整合能力與資源。","疾管署與農業部官方入口（僅供負責單位循核准流程補件） https://www.cdc.gov.tw/；https://www.moa.gov.tw/","不適用（本次不評核）","我國","2026-09-10 演練討論結果：本次工作坊不使用此欄評分；不宣稱所有能力與資源資料均非公開，只是不以零散公開資訊推定內部整合能力與資源。由疾管署與農業部負責人員依核准流程補。"
"1","狂犬病","防治能力與資源","防治可行性（綜合）","犬隻疫苗、暴露後預防與咬傷後討論結果為主要可控措施。","WHO Rabies https://www.who.int/news-room/fact-sheets/detail/rabies","2024-06-05","全球","已於 2026-09-10 查證此列來源；僅採用頁面直接支持的疾病背景，不推定我國現況。"
"1","狂犬病","防治能力與資源","跨部門合作現況","待查：本次未蒐集跨部門合作現況。","WHO Rabies https://www.who.int/news-room/fact-sheets/detail/rabies","2024-06-05","全球","已於 2026-09-10 查證此列來源；僅採用頁面直接支持的疾病背景，不推定我國現況。"
"1","狂犬病","社會安全","生物恐怖／管制病原","待查：依我國法規與管制清單核對。","WHO Rabies https://www.who.int/news-room/fact-sheets/detail/rabies","2024-06-05","全球","已於 2026-09-10 查證此列來源；僅採用頁面直接支持的疾病背景，不推定我國現況。"
"1","狂犬病","社會安全","經濟總負擔","待查：我國或全球疾病負擔估計。","WHO Rabies https://www.who.int/news-room/fact-sheets/detail/rabies","2024-06-05","全球","已於 2026-09-10 查證此列來源；僅採用頁面直接支持的疾病背景，不推定我國現況。"
"1","狂犬病","社會安全","社會關注／媒體顯著度","待查：以可重現的媒體資料庫或調查量測。","WHO Rabies https://www.who.int/news-room/fact-sheets/detail/rabies","2024-06-05","全球","已於 2026-09-10 查證此列來源；僅採用頁面直接支持的疾病背景，不推定我國現況。"
"1","狂犬病","社會安全","職業暴露風險","獸醫、動物管制、野生動物處理及實驗室人員可能暴露。","WHO Rabies https://www.who.int/news-room/fact-sheets/detail/rabies","2024-06-05","全球","已於 2026-09-10 查證此列來源；僅採用頁面直接支持的疾病背景，不推定我國現況。"
"2","鼠疫","人類","人類致死率（未治療）","未治療肺鼠疫可快速致死；不同臨床型別不可共用單一比例。","WHO Plague https://www.who.int/news-room/fact-sheets/detail/plague","2022-07-07","全球","已於 2026-09-10 查證此列來源；僅採用頁面直接支持的疾病背景，不推定我國現況。"
"2","鼠疫","人類","重症或長期失能比例","肺鼠疫可嚴重且具人傳人風險；比例待依型別查。","WHO Plague https://www.who.int/news-room/fact-sheets/detail/plague","2022-07-07","全球","已於 2026-09-10 查證此列來源；僅採用頁面直接支持的疾病背景，不推定我國現況。"
"2","鼠疫","人類","人類年通報數／發生率","待查：NIDSS 逐病互動查詢，由疾病監測承辦人補。","疾管署 NIDSS 傳染病統計資料查詢系統 https://nidss.cdc.gov.tw/","待查：須記錄實際查詢日","我國","本次未執行逐病互動查詢；待查不代表零。由疾病監測或動物衛生承辦人補，並記錄實際查詢日。"
"2","鼠疫","人類","人傳人能力","肺鼠疫可經飛沫人傳人；腺鼠疫通常不以此方式傳播。","WHO Plague https://www.who.int/news-room/fact-sheets/detail/plague","2022-07-07","全球","已於 2026-09-10 查證此列來源；僅採用頁面直接支持的疾病背景，不推定我國現況。"
"2","鼠疫","人類","高風險／易感族群衝擊","接觸受感染動物、跳蚤或肺鼠疫病人的人員。","WHO Plague https://www.who.int/news-room/fact-sheets/detail/plague","2022-07-07","全球","已於 2026-09-10 查證此列來源；僅採用頁面直接支持的疾病背景，不推定我國現況。"
"2","鼠疫","人類","法定傳染病分類／通報層級","待查：依主管機關現行資料逐病核對。","疾管署／農業部現行法規與公告入口 https://www.cdc.gov.tw/；https://www.moa.gov.tw/","待查：須記錄實際查詢日","我國","本次未執行逐病互動查詢；待查不代表零。由疾病監測或動物衛生承辦人補，並記錄實際查詢日。"
"2","鼠疫","動物","動物族群致死率","易感動物死亡率依物種與疫情而異，待查。","WHO Plague https://www.who.int/news-room/fact-sheets/detail/plague","2022-07-07","全球","已於 2026-09-10 查證此列來源；僅採用頁面直接支持的疾病背景，不推定我國現況。"
"2","鼠疫","動物","畜禽生產衝擊","待查：畜禽生產衝擊與我國情境。","WHO Plague https://www.who.int/news-room/fact-sheets/detail/plague","2022-07-07","全球","已於 2026-09-10 查證此列來源；僅採用頁面直接支持的疾病背景，不推定我國現況。"
"2","鼠疫","動物","宿主範圍廣度","小型哺乳類與跳蚤相關；人是偶然宿主。","WHO Plague https://www.who.int/news-room/fact-sheets/detail/plague","2022-07-07","全球","已於 2026-09-10 查證此列來源；僅採用頁面直接支持的疾病背景，不推定我國現況。"
"2","鼠疫","動物","WOAH 通報疾病","待查：依 WOAH Terrestrial Animal Health Code 第 1.3 章逐病核對。","WOAH Terrestrial Animal Health Code https://www.woah.org/en/what-we-do/standards/codes-and-manuals/terrestrial-code-online-access/","待查：實際閱讀並核對日","全球","疾病專頁或舊網頁不等於現行 Listed disease；由動物衛生或 WOAH 聯絡窗口補核。"
"2","鼠疫","動物","國內動物疫情活躍度","待查：依主管機關現行資料逐病核對。","疾管署／農業部現行法規與公告入口 https://www.cdc.gov.tw/；https://www.moa.gov.tw/","待查：須記錄實際查詢日","我國","本次未執行逐病互動查詢；待查不代表零。由疾病監測或動物衛生承辦人補，並記錄實際查詢日。"
"2","鼠疫","動物","野生動物保毒宿主","野生囓齒類可維持循環；地區性差異待查。","WHO Plague https://www.who.int/news-room/fact-sheets/detail/plague","2022-07-07","全球","已於 2026-09-10 查證此列來源；僅採用頁面直接支持的疾病背景，不推定我國現況。"
"2","鼠疫","環境","病媒存在與氣候適生性","跳蚤媒介；肺鼠疫另有飛沫途徑。","WHO Plague https://www.who.int/news-room/fact-sheets/detail/plague","2022-07-07","全球","已於 2026-09-10 查證此列來源；僅採用頁面直接支持的疾病背景，不推定我國現況。"
"2","鼠疫","環境","環境存活／持久性","待查：病原在環境與屍體中的持久性。","WHO Plague https://www.who.int/news-room/fact-sheets/detail/plague","2022-07-07","全球","已於 2026-09-10 查證此列來源；僅採用頁面直接支持的疾病背景，不推定我國現況。"
"2","鼠疫","環境","氣候變遷敏感度","本次未蒐集：待查 氣候變遷敏感度 的可比較定義與資料。","WHO Plague https://www.who.int/news-room/fact-sheets/detail/plague","2022-07-07","待查：依來源實際適用區域標示","時間有限的練習保留完整欄位；此格尚未作疾病別查證。由資料整理人員補查並記錄實際閱讀並核對日。"
"2","鼠疫","環境","跨境／境外移入風險","本次未蒐集：待查 跨境／境外移入風險 的可比較定義與資料。","WHO Plague https://www.who.int/news-room/fact-sheets/detail/plague","2022-07-07","待查：依來源實際適用區域標示","時間有限的練習保留完整欄位；此格尚未作疾病別查證。由資料整理人員補查並記錄實際閱讀並核對日。"
"2","鼠疫","食安與抗藥性","食品鏈傳播關聯","本次未蒐集：待查 食品鏈傳播關聯 的可比較定義與資料。","WHO Plague https://www.who.int/news-room/fact-sheets/detail/plague","2022-07-07","待查：依來源實際適用區域標示","時間有限的練習保留完整欄位；此格尚未作疾病別查證。由資料整理人員補查並記錄實際閱讀並核對日。"
"2","鼠疫","食安與抗藥性","抗微生物抗藥性關聯","本次未蒐集：待查 抗微生物抗藥性關聯 的可比較定義與資料。","WHO Plague https://www.who.int/news-room/fact-sheets/detail/plague","2022-07-07","待查：依來源實際適用區域標示","時間有限的練習保留完整欄位；此格尚未作疾病別查證。由資料整理人員補查並記錄實際閱讀並核對日。"
"2","鼠疫","食安與抗藥性","食安事件頻率","本次未蒐集：待查 食安事件頻率 的可比較定義與資料。","WHO Plague https://www.who.int/news-room/fact-sheets/detail/plague","2022-07-07","待查：依來源實際適用區域標示","時間有限的練習保留完整欄位；此格尚未作疾病別查證。由資料整理人員補查並記錄實際閱讀並核對日。"
"2","鼠疫","防治能力與資源","人用疫苗","人用疫苗的現行核准與是否容易取得待查。","WHO Plague https://www.who.int/news-room/fact-sheets/detail/plague","2022-07-07","全球","已於 2026-09-10 查證此列來源；僅採用頁面直接支持的疾病背景，不推定我國現況。"
"2","鼠疫","防治能力與資源","動物疫苗","待查：動物疫苗適用性。","WHO Plague https://www.who.int/news-room/fact-sheets/detail/plague","2022-07-07","全球","已於 2026-09-10 查證此列來源；僅採用頁面直接支持的疾病背景，不推定我國現況。"
"2","鼠疫","防治能力與資源","人用有效治療","及早使用抗生素可有效治療；時效與藥物選擇待依指引。","WHO Plague https://www.who.int/news-room/fact-sheets/detail/plague","2022-07-07","全球","已於 2026-09-10 查證此列來源；僅採用頁面直接支持的疾病背景，不推定我國現況。"
"2","鼠疫","防治能力與資源","實驗室診斷能力與資源","待查：我國檢驗能力與資源。","WHO Plague https://www.who.int/news-room/fact-sheets/detail/plague","2022-07-07","全球","已於 2026-09-10 查證此列來源；僅採用頁面直接支持的疾病背景，不推定我國現況。"
"2","鼠疫","防治能力與資源","兩部門監測能力與資源","待補資料（補齊前不計分）：本次不評核，不能由公開頁面推論兩部門整合能力與資源。","疾管署與農業部官方入口（僅供負責單位循核准流程補件） https://www.cdc.gov.tw/；https://www.moa.gov.tw/","不適用（本次不評核）","我國","2026-09-10 演練討論結果：本次工作坊不使用此欄評分；不宣稱所有能力與資源資料均非公開，只是不以零散公開資訊推定內部整合能力與資源。由疾管署與農業部負責人員依核准流程補。"
"2","鼠疫","防治能力與資源","防治可行性（綜合）","鼠蚤控制、暴露追蹤與及早抗生素治療可降低風險。","WHO Plague https://www.who.int/news-room/fact-sheets/detail/plague","2022-07-07","全球","已於 2026-09-10 查證此列來源；僅採用頁面直接支持的疾病背景，不推定我國現況。"
"2","鼠疫","防治能力與資源","跨部門合作現況","待查：本次未蒐集跨部門合作現況。","WHO Plague https://www.who.int/news-room/fact-sheets/detail/plague","2022-07-07","全球","已於 2026-09-10 查證此列來源；僅採用頁面直接支持的疾病背景，不推定我國現況。"
"2","鼠疫","社會安全","生物恐怖／管制病原","待查：依我國法規與管制清單核對。","WHO Plague https://www.who.int/news-room/fact-sheets/detail/plague","2022-07-07","全球","已於 2026-09-10 查證此列來源；僅採用頁面直接支持的疾病背景，不推定我國現況。"
"2","鼠疫","社會安全","經濟總負擔","待查：疾病負擔估計。","WHO Plague https://www.who.int/news-room/fact-sheets/detail/plague","2022-07-07","全球","已於 2026-09-10 查證此列來源；僅採用頁面直接支持的疾病背景，不推定我國現況。"
"2","鼠疫","社會安全","社會關注／媒體顯著度","待查：可重現媒體量測。","WHO Plague https://www.who.int/news-room/fact-sheets/detail/plague","2022-07-07","全球","已於 2026-09-10 查證此列來源；僅採用頁面直接支持的疾病背景，不推定我國現況。"
"2","鼠疫","社會安全","職業暴露風險","實驗室、野生動物處理與醫療照護人員可能暴露。","WHO Plague https://www.who.int/news-room/fact-sheets/detail/plague","2022-07-07","全球","已於 2026-09-10 查證此列來源；僅採用頁面直接支持的疾病背景，不推定我國現況。"
"3","新型 A 型流感（H5N1／H7N9）","人類","人類致死率（未治療）","本次未蒐集：待查「人類致死率（未治療）」的疾病別證據。","WHO Avian and other zoonotic influenza https://www.who.int/health-topics/influenza-avian-and-other-zoonotic","待查：本次未取得頁面發布日","待查：依來源實際適用區域標示","時間有限的練習保留完整 22×30 結構；不可把待查改填 0 或推測值。由資料整理人員補查並記錄實際閱讀並核對日。"
"3","新型 A 型流感（H5N1／H7N9）","人類","重症或長期失能比例","本次未蒐集：待查「重症或長期失能比例」的疾病別證據。","WHO Avian and other zoonotic influenza https://www.who.int/health-topics/influenza-avian-and-other-zoonotic","待查：本次未取得頁面發布日","待查：依來源實際適用區域標示","時間有限的練習保留完整 22×30 結構；不可把待查改填 0 或推測值。由資料整理人員補查並記錄實際閱讀並核對日。"
"3","新型 A 型流感（H5N1／H7N9）","人類","人類年通報數／發生率","待查：NIDSS 逐病互動查詢，由疾病監測承辦人補。","疾管署 NIDSS 傳染病統計資料查詢系統 https://nidss.cdc.gov.tw/","待查：須記錄實際查詢日","我國","本次未執行逐病互動查詢；待查不代表零。由疾病監測或動物衛生承辦人補，並記錄實際查詢日。"
"3","新型 A 型流感（H5N1／H7N9）","人類","人傳人能力","本次未蒐集：待查「人傳人能力」的疾病別證據。","WHO Avian and other zoonotic influenza https://www.who.int/health-topics/influenza-avian-and-other-zoonotic","待查：本次未取得頁面發布日","待查：依來源實際適用區域標示","時間有限的練習保留完整 22×30 結構；不可把待查改填 0 或推測值。由資料整理人員補查並記錄實際閱讀並核對日。"
"3","新型 A 型流感（H5N1／H7N9）","人類","高風險／易感族群衝擊","本次未蒐集：待查「高風險／易感族群衝擊」的疾病別證據。","WHO Avian and other zoonotic influenza https://www.who.int/health-topics/influenza-avian-and-other-zoonotic","待查：本次未取得頁面發布日","待查：依來源實際適用區域標示","時間有限的練習保留完整 22×30 結構；不可把待查改填 0 或推測值。由資料整理人員補查並記錄實際閱讀並核對日。"
"3","新型 A 型流感（H5N1／H7N9）","人類","法定傳染病分類／通報層級","待查：依主管機關現行資料逐病核對。","疾管署／農業部現行法規與公告入口 https://www.cdc.gov.tw/；https://www.moa.gov.tw/","待查：須記錄實際查詢日","我國","本次未執行逐病互動查詢；待查不代表零。由疾病監測或動物衛生承辦人補，並記錄實際查詢日。"
"3","新型 A 型流感（H5N1／H7N9）","動物","動物族群致死率","本次未蒐集：待查「動物族群致死率」的疾病別證據。","WHO Avian and other zoonotic influenza https://www.who.int/health-topics/influenza-avian-and-other-zoonotic","待查：本次未取得頁面發布日","待查：依來源實際適用區域標示","時間有限的練習保留完整 22×30 結構；不可把待查改填 0 或推測值。由資料整理人員補查並記錄實際閱讀並核對日。"
"3","新型 A 型流感（H5N1／H7N9）","動物","畜禽生產衝擊","本次未蒐集：待查「畜禽生產衝擊」的疾病別證據。","WHO Avian and other zoonotic influenza https://www.who.int/health-topics/influenza-avian-and-other-zoonotic","待查：本次未取得頁面發布日","待查：依來源實際適用區域標示","時間有限的練習保留完整 22×30 結構；不可把待查改填 0 或推測值。由資料整理人員補查並記錄實際閱讀並核對日。"
"3","新型 A 型流感（H5N1／H7N9）","動物","宿主範圍廣度","本次未蒐集：待查「宿主範圍廣度」的疾病別證據。","WHO Avian and other zoonotic influenza https://www.who.int/health-topics/influenza-avian-and-other-zoonotic","待查：本次未取得頁面發布日","待查：依來源實際適用區域標示","時間有限的練習保留完整 22×30 結構；不可把待查改填 0 或推測值。由資料整理人員補查並記錄實際閱讀並核對日。"
"3","新型 A 型流感（H5N1／H7N9）","動物","WOAH 通報疾病","待查：依 WOAH Terrestrial Animal Health Code 第 1.3 章逐病核對。","WOAH Terrestrial Animal Health Code https://www.woah.org/en/what-we-do/standards/codes-and-manuals/terrestrial-code-online-access/","待查：實際閱讀並核對日","全球","疾病專頁或舊網頁不等於現行 Listed disease；由動物衛生或 WOAH 聯絡窗口補核。"
"3","新型 A 型流感（H5N1／H7N9）","動物","國內動物疫情活躍度","待查：依主管機關現行資料逐病核對。","疾管署／農業部現行法規與公告入口 https://www.cdc.gov.tw/；https://www.moa.gov.tw/","待查：須記錄實際查詢日","我國","本次未執行逐病互動查詢；待查不代表零。由疾病監測或動物衛生承辦人補，並記錄實際查詢日。"
"3","新型 A 型流感（H5N1／H7N9）","動物","野生動物保毒宿主","本次未蒐集：待查「野生動物保毒宿主」的疾病別證據。","WHO Avian and other zoonotic influenza https://www.who.int/health-topics/influenza-avian-and-other-zoonotic","待查：本次未取得頁面發布日","待查：依來源實際適用區域標示","時間有限的練習保留完整 22×30 結構；不可把待查改填 0 或推測值。由資料整理人員補查並記錄實際閱讀並核對日。"
"3","新型 A 型流感（H5N1／H7N9）","環境","病媒存在與氣候適生性","本次未蒐集：待查「病媒存在與氣候適生性」的疾病別證據。","WHO Avian and other zoonotic influenza https://www.who.int/health-topics/influenza-avian-and-other-zoonotic","待查：本次未取得頁面發布日","待查：依來源實際適用區域標示","時間有限的練習保留完整 22×30 結構；不可把待查改填 0 或推測值。由資料整理人員補查並記錄實際閱讀並核對日。"
"3","新型 A 型流感（H5N1／H7N9）","環境","環境存活／持久性","本次未蒐集：待查「環境存活／持久性」的疾病別證據。","WHO Avian and other zoonotic influenza https://www.who.int/health-topics/influenza-avian-and-other-zoonotic","待查：本次未取得頁面發布日","待查：依來源實際適用區域標示","時間有限的練習保留完整 22×30 結構；不可把待查改填 0 或推測值。由資料整理人員補查並記錄實際閱讀並核對日。"
"3","新型 A 型流感（H5N1／H7N9）","環境","氣候變遷敏感度","本次未蒐集：待查 氣候變遷敏感度 的可比較定義與資料。","WHO Avian and other zoonotic influenza https://www.who.int/health-topics/influenza-avian-and-other-zoonotic","待查：本次未取得頁面發布日","待查：依來源實際適用區域標示","時間有限的練習保留完整欄位；此格尚未作疾病別查證。由資料整理人員補查並記錄實際閱讀並核對日。"
"3","新型 A 型流感（H5N1／H7N9）","環境","跨境／境外移入風險","本次未蒐集：待查 跨境／境外移入風險 的可比較定義與資料。","WHO Avian and other zoonotic influenza https://www.who.int/health-topics/influenza-avian-and-other-zoonotic","待查：本次未取得頁面發布日","待查：依來源實際適用區域標示","時間有限的練習保留完整欄位；此格尚未作疾病別查證。由資料整理人員補查並記錄實際閱讀並核對日。"
"3","新型 A 型流感（H5N1／H7N9）","食安與抗藥性","食品鏈傳播關聯","本次未蒐集：待查 食品鏈傳播關聯 的可比較定義與資料。","WHO Avian and other zoonotic influenza https://www.who.int/health-topics/influenza-avian-and-other-zoonotic","待查：本次未取得頁面發布日","待查：依來源實際適用區域標示","時間有限的練習保留完整欄位；此格尚未作疾病別查證。由資料整理人員補查並記錄實際閱讀並核對日。"
"3","新型 A 型流感（H5N1／H7N9）","食安與抗藥性","抗微生物抗藥性關聯","本次未蒐集：待查 抗微生物抗藥性關聯 的可比較定義與資料。","WHO Avian and other zoonotic influenza https://www.who.int/health-topics/influenza-avian-and-other-zoonotic","待查：本次未取得頁面發布日","待查：依來源實際適用區域標示","時間有限的練習保留完整欄位；此格尚未作疾病別查證。由資料整理人員補查並記錄實際閱讀並核對日。"
"3","新型 A 型流感（H5N1／H7N9）","食安與抗藥性","食安事件頻率","本次未蒐集：待查 食安事件頻率 的可比較定義與資料。","WHO Avian and other zoonotic influenza https://www.who.int/health-topics/influenza-avian-and-other-zoonotic","待查：本次未取得頁面發布日","待查：依來源實際適用區域標示","時間有限的練習保留完整欄位；此格尚未作疾病別查證。由資料整理人員補查並記錄實際閱讀並核對日。"
"3","新型 A 型流感（H5N1／H7N9）","防治能力與資源","人用疫苗","本次未蒐集：待查「人用疫苗」的疾病別證據。","WHO Avian and other zoonotic influenza https://www.who.int/health-topics/influenza-avian-and-other-zoonotic","待查：本次未取得頁面發布日","待查：依來源實際適用區域標示","時間有限的練習保留完整 22×30 結構；不可把待查改填 0 或推測值。由資料整理人員補查並記錄實際閱讀並核對日。"
"3","新型 A 型流感（H5N1／H7N9）","防治能力與資源","動物疫苗","本次未蒐集：待查「動物疫苗」的疾病別證據。","WHO Avian and other zoonotic influenza https://www.who.int/health-topics/influenza-avian-and-other-zoonotic","待查：本次未取得頁面發布日","待查：依來源實際適用區域標示","時間有限的練習保留完整 22×30 結構；不可把待查改填 0 或推測值。由資料整理人員補查並記錄實際閱讀並核對日。"
"3","新型 A 型流感（H5N1／H7N9）","防治能力與資源","人用有效治療","本次未蒐集：待查「人用有效治療」的疾病別證據。","WHO Avian and other zoonotic influenza https://www.who.int/health-topics/influenza-avian-and-other-zoonotic","待查：本次未取得頁面發布日","待查：依來源實際適用區域標示","時間有限的練習保留完整 22×30 結構；不可把待查改填 0 或推測值。由資料整理人員補查並記錄實際閱讀並核對日。"
"3","新型 A 型流感（H5N1／H7N9）","防治能力與資源","實驗室診斷能力與資源","本次未蒐集：待查「實驗室診斷能力與資源」的疾病別證據。","WHO Avian and other zoonotic influenza https://www.who.int/health-topics/influenza-avian-and-other-zoonotic","待查：本次未取得頁面發布日","待查：依來源實際適用區域標示","時間有限的練習保留完整 22×30 結構；不可把待查改填 0 或推測值。由資料整理人員補查並記錄實際閱讀並核對日。"
"3","新型 A 型流感（H5N1／H7N9）","防治能力與資源","兩部門監測能力與資源","待補資料（補齊前不計分）：本次不評核，不能由公開頁面推論兩部門整合能力與資源。","疾管署與農業部官方入口（僅供負責單位循核准流程補件） https://www.cdc.gov.tw/；https://www.moa.gov.tw/","不適用（本次不評核）","我國","2026-09-10 演練討論結果：本次工作坊不使用此欄評分；不宣稱所有能力與資源資料均非公開，只是不以零散公開資訊推定內部整合能力與資源。由疾管署與農業部負責人員依核准流程補。"
"3","新型 A 型流感（H5N1／H7N9）","防治能力與資源","防治可行性（綜合）","本次未蒐集：待查「防治可行性（綜合）」的疾病別證據。","WHO Avian and other zoonotic influenza https://www.who.int/health-topics/influenza-avian-and-other-zoonotic","待查：本次未取得頁面發布日","待查：依來源實際適用區域標示","時間有限的練習保留完整 22×30 結構；不可把待查改填 0 或推測值。由資料整理人員補查並記錄實際閱讀並核對日。"
"3","新型 A 型流感（H5N1／H7N9）","防治能力與資源","跨部門合作現況","本次未蒐集：待查「跨部門合作現況」的疾病別證據。","WHO Avian and other zoonotic influenza https://www.who.int/health-topics/influenza-avian-and-other-zoonotic","待查：本次未取得頁面發布日","待查：依來源實際適用區域標示","時間有限的練習保留完整 22×30 結構；不可把待查改填 0 或推測值。由資料整理人員補查並記錄實際閱讀並核對日。"
"3","新型 A 型流感（H5N1／H7N9）","社會安全","生物恐怖／管制病原","本次未蒐集：待查「生物恐怖／管制病原」的疾病別證據。","WHO Avian and other zoonotic influenza https://www.who.int/health-topics/influenza-avian-and-other-zoonotic","待查：本次未取得頁面發布日","待查：依來源實際適用區域標示","時間有限的練習保留完整 22×30 結構；不可把待查改填 0 或推測值。由資料整理人員補查並記錄實際閱讀並核對日。"
"3","新型 A 型流感（H5N1／H7N9）","社會安全","經濟總負擔","本次未蒐集：待查「經濟總負擔」的疾病別證據。","WHO Avian and other zoonotic influenza https://www.who.int/health-topics/influenza-avian-and-other-zoonotic","待查：本次未取得頁面發布日","待查：依來源實際適用區域標示","時間有限的練習保留完整 22×30 結構；不可把待查改填 0 或推測值。由資料整理人員補查並記錄實際閱讀並核對日。"
"3","新型 A 型流感（H5N1／H7N9）","社會安全","社會關注／媒體顯著度","本次未蒐集：待查「社會關注／媒體顯著度」的疾病別證據。","WHO Avian and other zoonotic influenza https://www.who.int/health-topics/influenza-avian-and-other-zoonotic","待查：本次未取得頁面發布日","待查：依來源實際適用區域標示","時間有限的練習保留完整 22×30 結構；不可把待查改填 0 或推測值。由資料整理人員補查並記錄實際閱讀並核對日。"
"3","新型 A 型流感（H5N1／H7N9）","社會安全","職業暴露風險","本次未蒐集：待查「職業暴露風險」的疾病別證據。","WHO Avian and other zoonotic influenza https://www.who.int/health-topics/influenza-avian-and-other-zoonotic","待查：本次未取得頁面發布日","待查：依來源實際適用區域標示","時間有限的練習保留完整 22×30 結構；不可把待查改填 0 或推測值。由資料整理人員補查並記錄實際閱讀並核對日。"
"4","立百病毒感染症","人類","人類致死率（未治療）","本次未蒐集：待查「人類致死率（未治療）」的疾病別證據。","WHO Nipah virus https://www.who.int/news-room/fact-sheets/detail/nipah-virus","2026-01-29","待查：依來源實際適用區域標示","時間有限的練習保留完整 22×30 結構；不可把待查改填 0 或推測值。由資料整理人員補查並記錄實際閱讀並核對日。"
"4","立百病毒感染症","人類","重症或長期失能比例","本次未蒐集：待查「重症或長期失能比例」的疾病別證據。","WHO Nipah virus https://www.who.int/news-room/fact-sheets/detail/nipah-virus","2026-01-29","待查：依來源實際適用區域標示","時間有限的練習保留完整 22×30 結構；不可把待查改填 0 或推測值。由資料整理人員補查並記錄實際閱讀並核對日。"
"4","立百病毒感染症","人類","人類年通報數／發生率","待查：NIDSS 逐病互動查詢，由疾病監測承辦人補。","疾管署 NIDSS 傳染病統計資料查詢系統 https://nidss.cdc.gov.tw/","待查：須記錄實際查詢日","我國","本次未執行逐病互動查詢；待查不代表零。由疾病監測或動物衛生承辦人補，並記錄實際查詢日。"
"4","立百病毒感染症","人類","人傳人能力","本次未蒐集：待查「人傳人能力」的疾病別證據。","WHO Nipah virus https://www.who.int/news-room/fact-sheets/detail/nipah-virus","2026-01-29","待查：依來源實際適用區域標示","時間有限的練習保留完整 22×30 結構；不可把待查改填 0 或推測值。由資料整理人員補查並記錄實際閱讀並核對日。"
"4","立百病毒感染症","人類","高風險／易感族群衝擊","本次未蒐集：待查「高風險／易感族群衝擊」的疾病別證據。","WHO Nipah virus https://www.who.int/news-room/fact-sheets/detail/nipah-virus","2026-01-29","待查：依來源實際適用區域標示","時間有限的練習保留完整 22×30 結構；不可把待查改填 0 或推測值。由資料整理人員補查並記錄實際閱讀並核對日。"
"4","立百病毒感染症","人類","法定傳染病分類／通報層級","待查：依主管機關現行資料逐病核對。","疾管署／農業部現行法規與公告入口 https://www.cdc.gov.tw/；https://www.moa.gov.tw/","待查：須記錄實際查詢日","我國","本次未執行逐病互動查詢；待查不代表零。由疾病監測或動物衛生承辦人補，並記錄實際查詢日。"
"4","立百病毒感染症","動物","動物族群致死率","本次未蒐集：待查「動物族群致死率」的疾病別證據。","WHO Nipah virus https://www.who.int/news-room/fact-sheets/detail/nipah-virus","2026-01-29","待查：依來源實際適用區域標示","時間有限的練習保留完整 22×30 結構；不可把待查改填 0 或推測值。由資料整理人員補查並記錄實際閱讀並核對日。"
"4","立百病毒感染症","動物","畜禽生產衝擊","本次未蒐集：待查「畜禽生產衝擊」的疾病別證據。","WHO Nipah virus https://www.who.int/news-room/fact-sheets/detail/nipah-virus","2026-01-29","待查：依來源實際適用區域標示","時間有限的練習保留完整 22×30 結構；不可把待查改填 0 或推測值。由資料整理人員補查並記錄實際閱讀並核對日。"
"4","立百病毒感染症","動物","宿主範圍廣度","本次未蒐集：待查「宿主範圍廣度」的疾病別證據。","WHO Nipah virus https://www.who.int/news-room/fact-sheets/detail/nipah-virus","2026-01-29","待查：依來源實際適用區域標示","時間有限的練習保留完整 22×30 結構；不可把待查改填 0 或推測值。由資料整理人員補查並記錄實際閱讀並核對日。"
"4","立百病毒感染症","動物","WOAH 通報疾病","待查：依 WOAH Terrestrial Animal Health Code 第 1.3 章逐病核對。","WOAH Terrestrial Animal Health Code https://www.woah.org/en/what-we-do/standards/codes-and-manuals/terrestrial-code-online-access/","待查：實際閱讀並核對日","全球","疾病專頁或舊網頁不等於現行 Listed disease；由動物衛生或 WOAH 聯絡窗口補核。"
"4","立百病毒感染症","動物","國內動物疫情活躍度","待查：依主管機關現行資料逐病核對。","疾管署／農業部現行法規與公告入口 https://www.cdc.gov.tw/；https://www.moa.gov.tw/","待查：須記錄實際查詢日","我國","本次未執行逐病互動查詢；待查不代表零。由疾病監測或動物衛生承辦人補，並記錄實際查詢日。"
"4","立百病毒感染症","動物","野生動物保毒宿主","本次未蒐集：待查「野生動物保毒宿主」的疾病別證據。","WHO Nipah virus https://www.who.int/news-room/fact-sheets/detail/nipah-virus","2026-01-29","待查：依來源實際適用區域標示","時間有限的練習保留完整 22×30 結構；不可把待查改填 0 或推測值。由資料整理人員補查並記錄實際閱讀並核對日。"
"4","立百病毒感染症","環境","病媒存在與氣候適生性","本次未蒐集：待查「病媒存在與氣候適生性」的疾病別證據。","WHO Nipah virus https://www.who.int/news-room/fact-sheets/detail/nipah-virus","2026-01-29","待查：依來源實際適用區域標示","時間有限的練習保留完整 22×30 結構；不可把待查改填 0 或推測值。由資料整理人員補查並記錄實際閱讀並核對日。"
"4","立百病毒感染症","環境","環境存活／持久性","本次未蒐集：待查「環境存活／持久性」的疾病別證據。","WHO Nipah virus https://www.who.int/news-room/fact-sheets/detail/nipah-virus","2026-01-29","待查：依來源實際適用區域標示","時間有限的練習保留完整 22×30 結構；不可把待查改填 0 或推測值。由資料整理人員補查並記錄實際閱讀並核對日。"
"4","立百病毒感染症","環境","氣候變遷敏感度","本次未蒐集：待查 氣候變遷敏感度 的可比較定義與資料。","WHO Nipah virus https://www.who.int/news-room/fact-sheets/detail/nipah-virus","2026-01-29","待查：依來源實際適用區域標示","時間有限的練習保留完整欄位；此格尚未作疾病別查證。由資料整理人員補查並記錄實際閱讀並核對日。"
"4","立百病毒感染症","環境","跨境／境外移入風險","本次未蒐集：待查 跨境／境外移入風險 的可比較定義與資料。","WHO Nipah virus https://www.who.int/news-room/fact-sheets/detail/nipah-virus","2026-01-29","待查：依來源實際適用區域標示","時間有限的練習保留完整欄位；此格尚未作疾病別查證。由資料整理人員補查並記錄實際閱讀並核對日。"
"4","立百病毒感染症","食安與抗藥性","食品鏈傳播關聯","本次未蒐集：待查 食品鏈傳播關聯 的可比較定義與資料。","WHO Nipah virus https://www.who.int/news-room/fact-sheets/detail/nipah-virus","2026-01-29","待查：依來源實際適用區域標示","時間有限的練習保留完整欄位；此格尚未作疾病別查證。由資料整理人員補查並記錄實際閱讀並核對日。"
"4","立百病毒感染症","食安與抗藥性","抗微生物抗藥性關聯","本次未蒐集：待查 抗微生物抗藥性關聯 的可比較定義與資料。","WHO Nipah virus https://www.who.int/news-room/fact-sheets/detail/nipah-virus","2026-01-29","待查：依來源實際適用區域標示","時間有限的練習保留完整欄位；此格尚未作疾病別查證。由資料整理人員補查並記錄實際閱讀並核對日。"
"4","立百病毒感染症","食安與抗藥性","食安事件頻率","本次未蒐集：待查 食安事件頻率 的可比較定義與資料。","WHO Nipah virus https://www.who.int/news-room/fact-sheets/detail/nipah-virus","2026-01-29","待查：依來源實際適用區域標示","時間有限的練習保留完整欄位；此格尚未作疾病別查證。由資料整理人員補查並記錄實際閱讀並核對日。"
"4","立百病毒感染症","防治能力與資源","人用疫苗","本次未蒐集：待查「人用疫苗」的疾病別證據。","WHO Nipah virus https://www.who.int/news-room/fact-sheets/detail/nipah-virus","2026-01-29","待查：依來源實際適用區域標示","時間有限的練習保留完整 22×30 結構；不可把待查改填 0 或推測值。由資料整理人員補查並記錄實際閱讀並核對日。"
"4","立百病毒感染症","防治能力與資源","動物疫苗","本次未蒐集：待查「動物疫苗」的疾病別證據。","WHO Nipah virus https://www.who.int/news-room/fact-sheets/detail/nipah-virus","2026-01-29","待查：依來源實際適用區域標示","時間有限的練習保留完整 22×30 結構；不可把待查改填 0 或推測值。由資料整理人員補查並記錄實際閱讀並核對日。"
"4","立百病毒感染症","防治能力與資源","人用有效治療","本次未蒐集：待查「人用有效治療」的疾病別證據。","WHO Nipah virus https://www.who.int/news-room/fact-sheets/detail/nipah-virus","2026-01-29","待查：依來源實際適用區域標示","時間有限的練習保留完整 22×30 結構；不可把待查改填 0 或推測值。由資料整理人員補查並記錄實際閱讀並核對日。"
"4","立百病毒感染症","防治能力與資源","實驗室診斷能力與資源","本次未蒐集：待查「實驗室診斷能力與資源」的疾病別證據。","WHO Nipah virus https://www.who.int/news-room/fact-sheets/detail/nipah-virus","2026-01-29","待查：依來源實際適用區域標示","時間有限的練習保留完整 22×30 結構；不可把待查改填 0 或推測值。由資料整理人員補查並記錄實際閱讀並核對日。"
"4","立百病毒感染症","防治能力與資源","兩部門監測能力與資源","待補資料（補齊前不計分）：本次不評核，不能由公開頁面推論兩部門整合能力與資源。","疾管署與農業部官方入口（僅供負責單位循核准流程補件） https://www.cdc.gov.tw/；https://www.moa.gov.tw/","不適用（本次不評核）","我國","2026-09-10 演練討論結果：本次工作坊不使用此欄評分；不宣稱所有能力與資源資料均非公開，只是不以零散公開資訊推定內部整合能力與資源。由疾管署與農業部負責人員依核准流程補。"
"4","立百病毒感染症","防治能力與資源","防治可行性（綜合）","本次未蒐集：待查「防治可行性（綜合）」的疾病別證據。","WHO Nipah virus https://www.who.int/news-room/fact-sheets/detail/nipah-virus","2026-01-29","待查：依來源實際適用區域標示","時間有限的練習保留完整 22×30 結構；不可把待查改填 0 或推測值。由資料整理人員補查並記錄實際閱讀並核對日。"
"4","立百病毒感染症","防治能力與資源","跨部門合作現況","本次未蒐集：待查「跨部門合作現況」的疾病別證據。","WHO Nipah virus https://www.who.int/news-room/fact-sheets/detail/nipah-virus","2026-01-29","待查：依來源實際適用區域標示","時間有限的練習保留完整 22×30 結構；不可把待查改填 0 或推測值。由資料整理人員補查並記錄實際閱讀並核對日。"
"4","立百病毒感染症","社會安全","生物恐怖／管制病原","本次未蒐集：待查「生物恐怖／管制病原」的疾病別證據。","WHO Nipah virus https://www.who.int/news-room/fact-sheets/detail/nipah-virus","2026-01-29","待查：依來源實際適用區域標示","時間有限的練習保留完整 22×30 結構；不可把待查改填 0 或推測值。由資料整理人員補查並記錄實際閱讀並核對日。"
"4","立百病毒感染症","社會安全","經濟總負擔","本次未蒐集：待查「經濟總負擔」的疾病別證據。","WHO Nipah virus https://www.who.int/news-room/fact-sheets/detail/nipah-virus","2026-01-29","待查：依來源實際適用區域標示","時間有限的練習保留完整 22×30 結構；不可把待查改填 0 或推測值。由資料整理人員補查並記錄實際閱讀並核對日。"
"4","立百病毒感染症","社會安全","社會關注／媒體顯著度","本次未蒐集：待查「社會關注／媒體顯著度」的疾病別證據。","WHO Nipah virus https://www.who.int/news-room/fact-sheets/detail/nipah-virus","2026-01-29","待查：依來源實際適用區域標示","時間有限的練習保留完整 22×30 結構；不可把待查改填 0 或推測值。由資料整理人員補查並記錄實際閱讀並核對日。"
"4","立百病毒感染症","社會安全","職業暴露風險","本次未蒐集：待查「職業暴露風險」的疾病別證據。","WHO Nipah virus https://www.who.int/news-room/fact-sheets/detail/nipah-virus","2026-01-29","待查：依來源實際適用區域標示","時間有限的練習保留完整 22×30 結構；不可把待查改填 0 或推測值。由資料整理人員補查並記錄實際閱讀並核對日。"
"5","中東呼吸症候群冠狀病毒感染症","人類","人類致死率（未治療）","本次未蒐集：待查「人類致死率（未治療）」的疾病別證據。","WHO Middle East respiratory syndrome coronavirus (MERS-CoV) https://www.who.int/news-room/fact-sheets/detail/middle-east-respiratory-syndrome-coronavirus-(mers-cov)","2025-12-11","待查：依來源實際適用區域標示","時間有限的練習保留完整 22×30 結構；不可把待查改填 0 或推測值。由資料整理人員補查並記錄實際閱讀並核對日。"
"5","中東呼吸症候群冠狀病毒感染症","人類","重症或長期失能比例","本次未蒐集：待查「重症或長期失能比例」的疾病別證據。","WHO Middle East respiratory syndrome coronavirus (MERS-CoV) https://www.who.int/news-room/fact-sheets/detail/middle-east-respiratory-syndrome-coronavirus-(mers-cov)","2025-12-11","待查：依來源實際適用區域標示","時間有限的練習保留完整 22×30 結構；不可把待查改填 0 或推測值。由資料整理人員補查並記錄實際閱讀並核對日。"
"5","中東呼吸症候群冠狀病毒感染症","人類","人類年通報數／發生率","待查：NIDSS 逐病互動查詢，由疾病監測承辦人補。","疾管署 NIDSS 傳染病統計資料查詢系統 https://nidss.cdc.gov.tw/","待查：須記錄實際查詢日","我國","本次未執行逐病互動查詢；待查不代表零。由疾病監測或動物衛生承辦人補，並記錄實際查詢日。"
"5","中東呼吸症候群冠狀病毒感染症","人類","人傳人能力","本次未蒐集：待查「人傳人能力」的疾病別證據。","WHO Middle East respiratory syndrome coronavirus (MERS-CoV) https://www.who.int/news-room/fact-sheets/detail/middle-east-respiratory-syndrome-coronavirus-(mers-cov)","2025-12-11","待查：依來源實際適用區域標示","時間有限的練習保留完整 22×30 結構；不可把待查改填 0 或推測值。由資料整理人員補查並記錄實際閱讀並核對日。"
"5","中東呼吸症候群冠狀病毒感染症","人類","高風險／易感族群衝擊","本次未蒐集：待查「高風險／易感族群衝擊」的疾病別證據。","WHO Middle East respiratory syndrome coronavirus (MERS-CoV) https://www.who.int/news-room/fact-sheets/detail/middle-east-respiratory-syndrome-coronavirus-(mers-cov)","2025-12-11","待查：依來源實際適用區域標示","時間有限的練習保留完整 22×30 結構；不可把待查改填 0 或推測值。由資料整理人員補查並記錄實際閱讀並核對日。"
"5","中東呼吸症候群冠狀病毒感染症","人類","法定傳染病分類／通報層級","待查：依主管機關現行資料逐病核對。","疾管署／農業部現行法規與公告入口 https://www.cdc.gov.tw/；https://www.moa.gov.tw/","待查：須記錄實際查詢日","我國","本次未執行逐病互動查詢；待查不代表零。由疾病監測或動物衛生承辦人補，並記錄實際查詢日。"
"5","中東呼吸症候群冠狀病毒感染症","動物","動物族群致死率","本次未蒐集：待查「動物族群致死率」的疾病別證據。","WHO Middle East respiratory syndrome coronavirus (MERS-CoV) https://www.who.int/news-room/fact-sheets/detail/middle-east-respiratory-syndrome-coronavirus-(mers-cov)","2025-12-11","待查：依來源實際適用區域標示","時間有限的練習保留完整 22×30 結構；不可把待查改填 0 或推測值。由資料整理人員補查並記錄實際閱讀並核對日。"
"5","中東呼吸症候群冠狀病毒感染症","動物","畜禽生產衝擊","本次未蒐集：待查「畜禽生產衝擊」的疾病別證據。","WHO Middle East respiratory syndrome coronavirus (MERS-CoV) https://www.who.int/news-room/fact-sheets/detail/middle-east-respiratory-syndrome-coronavirus-(mers-cov)","2025-12-11","待查：依來源實際適用區域標示","時間有限的練習保留完整 22×30 結構；不可把待查改填 0 或推測值。由資料整理人員補查並記錄實際閱讀並核對日。"
"5","中東呼吸症候群冠狀病毒感染症","動物","宿主範圍廣度","本次未蒐集：待查「宿主範圍廣度」的疾病別證據。","WHO Middle East respiratory syndrome coronavirus (MERS-CoV) https://www.who.int/news-room/fact-sheets/detail/middle-east-respiratory-syndrome-coronavirus-(mers-cov)","2025-12-11","待查：依來源實際適用區域標示","時間有限的練習保留完整 22×30 結構；不可把待查改填 0 或推測值。由資料整理人員補查並記錄實際閱讀並核對日。"
"5","中東呼吸症候群冠狀病毒感染症","動物","WOAH 通報疾病","待查：依 WOAH Terrestrial Animal Health Code 第 1.3 章逐病核對。","WOAH Terrestrial Animal Health Code https://www.woah.org/en/what-we-do/standards/codes-and-manuals/terrestrial-code-online-access/","待查：實際閱讀並核對日","全球","疾病專頁或舊網頁不等於現行 Listed disease；由動物衛生或 WOAH 聯絡窗口補核。"
"5","中東呼吸症候群冠狀病毒感染症","動物","國內動物疫情活躍度","待查：依主管機關現行資料逐病核對。","疾管署／農業部現行法規與公告入口 https://www.cdc.gov.tw/；https://www.moa.gov.tw/","待查：須記錄實際查詢日","我國","本次未執行逐病互動查詢；待查不代表零。由疾病監測或動物衛生承辦人補，並記錄實際查詢日。"
"5","中東呼吸症候群冠狀病毒感染症","動物","野生動物保毒宿主","本次未蒐集：待查「野生動物保毒宿主」的疾病別證據。","WHO Middle East respiratory syndrome coronavirus (MERS-CoV) https://www.who.int/news-room/fact-sheets/detail/middle-east-respiratory-syndrome-coronavirus-(mers-cov)","2025-12-11","待查：依來源實際適用區域標示","時間有限的練習保留完整 22×30 結構；不可把待查改填 0 或推測值。由資料整理人員補查並記錄實際閱讀並核對日。"
"5","中東呼吸症候群冠狀病毒感染症","環境","病媒存在與氣候適生性","本次未蒐集：待查「病媒存在與氣候適生性」的疾病別證據。","WHO Middle East respiratory syndrome coronavirus (MERS-CoV) https://www.who.int/news-room/fact-sheets/detail/middle-east-respiratory-syndrome-coronavirus-(mers-cov)","2025-12-11","待查：依來源實際適用區域標示","時間有限的練習保留完整 22×30 結構；不可把待查改填 0 或推測值。由資料整理人員補查並記錄實際閱讀並核對日。"
"5","中東呼吸症候群冠狀病毒感染症","環境","環境存活／持久性","本次未蒐集：待查「環境存活／持久性」的疾病別證據。","WHO Middle East respiratory syndrome coronavirus (MERS-CoV) https://www.who.int/news-room/fact-sheets/detail/middle-east-respiratory-syndrome-coronavirus-(mers-cov)","2025-12-11","待查：依來源實際適用區域標示","時間有限的練習保留完整 22×30 結構；不可把待查改填 0 或推測值。由資料整理人員補查並記錄實際閱讀並核對日。"
"5","中東呼吸症候群冠狀病毒感染症","環境","氣候變遷敏感度","本次未蒐集：待查 氣候變遷敏感度 的可比較定義與資料。","WHO Middle East respiratory syndrome coronavirus (MERS-CoV) https://www.who.int/news-room/fact-sheets/detail/middle-east-respiratory-syndrome-coronavirus-(mers-cov)","2025-12-11","待查：依來源實際適用區域標示","時間有限的練習保留完整欄位；此格尚未作疾病別查證。由資料整理人員補查並記錄實際閱讀並核對日。"
"5","中東呼吸症候群冠狀病毒感染症","環境","跨境／境外移入風險","本次未蒐集：待查 跨境／境外移入風險 的可比較定義與資料。","WHO Middle East respiratory syndrome coronavirus (MERS-CoV) https://www.who.int/news-room/fact-sheets/detail/middle-east-respiratory-syndrome-coronavirus-(mers-cov)","2025-12-11","待查：依來源實際適用區域標示","時間有限的練習保留完整欄位；此格尚未作疾病別查證。由資料整理人員補查並記錄實際閱讀並核對日。"
"5","中東呼吸症候群冠狀病毒感染症","食安與抗藥性","食品鏈傳播關聯","本次未蒐集：待查 食品鏈傳播關聯 的可比較定義與資料。","WHO Middle East respiratory syndrome coronavirus (MERS-CoV) https://www.who.int/news-room/fact-sheets/detail/middle-east-respiratory-syndrome-coronavirus-(mers-cov)","2025-12-11","待查：依來源實際適用區域標示","時間有限的練習保留完整欄位；此格尚未作疾病別查證。由資料整理人員補查並記錄實際閱讀並核對日。"
"5","中東呼吸症候群冠狀病毒感染症","食安與抗藥性","抗微生物抗藥性關聯","本次未蒐集：待查 抗微生物抗藥性關聯 的可比較定義與資料。","WHO Middle East respiratory syndrome coronavirus (MERS-CoV) https://www.who.int/news-room/fact-sheets/detail/middle-east-respiratory-syndrome-coronavirus-(mers-cov)","2025-12-11","待查：依來源實際適用區域標示","時間有限的練習保留完整欄位；此格尚未作疾病別查證。由資料整理人員補查並記錄實際閱讀並核對日。"
"5","中東呼吸症候群冠狀病毒感染症","食安與抗藥性","食安事件頻率","本次未蒐集：待查 食安事件頻率 的可比較定義與資料。","WHO Middle East respiratory syndrome coronavirus (MERS-CoV) https://www.who.int/news-room/fact-sheets/detail/middle-east-respiratory-syndrome-coronavirus-(mers-cov)","2025-12-11","待查：依來源實際適用區域標示","時間有限的練習保留完整欄位；此格尚未作疾病別查證。由資料整理人員補查並記錄實際閱讀並核對日。"
"5","中東呼吸症候群冠狀病毒感染症","防治能力與資源","人用疫苗","本次未蒐集：待查「人用疫苗」的疾病別證據。","WHO Middle East respiratory syndrome coronavirus (MERS-CoV) https://www.who.int/news-room/fact-sheets/detail/middle-east-respiratory-syndrome-coronavirus-(mers-cov)","2025-12-11","待查：依來源實際適用區域標示","時間有限的練習保留完整 22×30 結構；不可把待查改填 0 或推測值。由資料整理人員補查並記錄實際閱讀並核對日。"
"5","中東呼吸症候群冠狀病毒感染症","防治能力與資源","動物疫苗","本次未蒐集：待查「動物疫苗」的疾病別證據。","WHO Middle East respiratory syndrome coronavirus (MERS-CoV) https://www.who.int/news-room/fact-sheets/detail/middle-east-respiratory-syndrome-coronavirus-(mers-cov)","2025-12-11","待查：依來源實際適用區域標示","時間有限的練習保留完整 22×30 結構；不可把待查改填 0 或推測值。由資料整理人員補查並記錄實際閱讀並核對日。"
"5","中東呼吸症候群冠狀病毒感染症","防治能力與資源","人用有效治療","本次未蒐集：待查「人用有效治療」的疾病別證據。","WHO Middle East respiratory syndrome coronavirus (MERS-CoV) https://www.who.int/news-room/fact-sheets/detail/middle-east-respiratory-syndrome-coronavirus-(mers-cov)","2025-12-11","待查：依來源實際適用區域標示","時間有限的練習保留完整 22×30 結構；不可把待查改填 0 或推測值。由資料整理人員補查並記錄實際閱讀並核對日。"
"5","中東呼吸症候群冠狀病毒感染症","防治能力與資源","實驗室診斷能力與資源","本次未蒐集：待查「實驗室診斷能力與資源」的疾病別證據。","WHO Middle East respiratory syndrome coronavirus (MERS-CoV) https://www.who.int/news-room/fact-sheets/detail/middle-east-respiratory-syndrome-coronavirus-(mers-cov)","2025-12-11","待查：依來源實際適用區域標示","時間有限的練習保留完整 22×30 結構；不可把待查改填 0 或推測值。由資料整理人員補查並記錄實際閱讀並核對日。"
"5","中東呼吸症候群冠狀病毒感染症","防治能力與資源","兩部門監測能力與資源","待補資料（補齊前不計分）：本次不評核，不能由公開頁面推論兩部門整合能力與資源。","疾管署與農業部官方入口（僅供負責單位循核准流程補件） https://www.cdc.gov.tw/；https://www.moa.gov.tw/","不適用（本次不評核）","我國","2026-09-10 演練討論結果：本次工作坊不使用此欄評分；不宣稱所有能力與資源資料均非公開，只是不以零散公開資訊推定內部整合能力與資源。由疾管署與農業部負責人員依核准流程補。"
"5","中東呼吸症候群冠狀病毒感染症","防治能力與資源","防治可行性（綜合）","本次未蒐集：待查「防治可行性（綜合）」的疾病別證據。","WHO Middle East respiratory syndrome coronavirus (MERS-CoV) https://www.who.int/news-room/fact-sheets/detail/middle-east-respiratory-syndrome-coronavirus-(mers-cov)","2025-12-11","待查：依來源實際適用區域標示","時間有限的練習保留完整 22×30 結構；不可把待查改填 0 或推測值。由資料整理人員補查並記錄實際閱讀並核對日。"
"5","中東呼吸症候群冠狀病毒感染症","防治能力與資源","跨部門合作現況","本次未蒐集：待查「跨部門合作現況」的疾病別證據。","WHO Middle East respiratory syndrome coronavirus (MERS-CoV) https://www.who.int/news-room/fact-sheets/detail/middle-east-respiratory-syndrome-coronavirus-(mers-cov)","2025-12-11","待查：依來源實際適用區域標示","時間有限的練習保留完整 22×30 結構；不可把待查改填 0 或推測值。由資料整理人員補查並記錄實際閱讀並核對日。"
"5","中東呼吸症候群冠狀病毒感染症","社會安全","生物恐怖／管制病原","本次未蒐集：待查「生物恐怖／管制病原」的疾病別證據。","WHO Middle East respiratory syndrome coronavirus (MERS-CoV) https://www.who.int/news-room/fact-sheets/detail/middle-east-respiratory-syndrome-coronavirus-(mers-cov)","2025-12-11","待查：依來源實際適用區域標示","時間有限的練習保留完整 22×30 結構；不可把待查改填 0 或推測值。由資料整理人員補查並記錄實際閱讀並核對日。"
"5","中東呼吸症候群冠狀病毒感染症","社會安全","經濟總負擔","本次未蒐集：待查「經濟總負擔」的疾病別證據。","WHO Middle East respiratory syndrome coronavirus (MERS-CoV) https://www.who.int/news-room/fact-sheets/detail/middle-east-respiratory-syndrome-coronavirus-(mers-cov)","2025-12-11","待查：依來源實際適用區域標示","時間有限的練習保留完整 22×30 結構；不可把待查改填 0 或推測值。由資料整理人員補查並記錄實際閱讀並核對日。"
"5","中東呼吸症候群冠狀病毒感染症","社會安全","社會關注／媒體顯著度","本次未蒐集：待查「社會關注／媒體顯著度」的疾病別證據。","WHO Middle East respiratory syndrome coronavirus (MERS-CoV) https://www.who.int/news-room/fact-sheets/detail/middle-east-respiratory-syndrome-coronavirus-(mers-cov)","2025-12-11","待查：依來源實際適用區域標示","時間有限的練習保留完整 22×30 結構；不可把待查改填 0 或推測值。由資料整理人員補查並記錄實際閱讀並核對日。"
"5","中東呼吸症候群冠狀病毒感染症","社會安全","職業暴露風險","本次未蒐集：待查「職業暴露風險」的疾病別證據。","WHO Middle East respiratory syndrome coronavirus (MERS-CoV) https://www.who.int/news-room/fact-sheets/detail/middle-east-respiratory-syndrome-coronavirus-(mers-cov)","2025-12-11","待查：依來源實際適用區域標示","時間有限的練習保留完整 22×30 結構；不可把待查改填 0 或推測值。由資料整理人員補查並記錄實際閱讀並核對日。"
"6","炭疽病","人類","人類致死率（未治療）","本次未蒐集：待查「人類致死率（未治療）」的疾病別證據。","US CDC About Anthrax https://www.cdc.gov/anthrax/about/index.html","待查：本次未摘錄發布日","待查：依來源實際適用區域標示","時間有限的練習保留完整 22×30 結構；不可把待查改填 0 或推測值。由資料整理人員補查並記錄實際閱讀並核對日。"
"6","炭疽病","人類","重症或長期失能比例","本次未蒐集：待查「重症或長期失能比例」的疾病別證據。","US CDC About Anthrax https://www.cdc.gov/anthrax/about/index.html","待查：本次未摘錄發布日","待查：依來源實際適用區域標示","時間有限的練習保留完整 22×30 結構；不可把待查改填 0 或推測值。由資料整理人員補查並記錄實際閱讀並核對日。"
"6","炭疽病","人類","人類年通報數／發生率","待查：NIDSS 逐病互動查詢，由疾病監測承辦人補。","疾管署 NIDSS 傳染病統計資料查詢系統 https://nidss.cdc.gov.tw/","待查：須記錄實際查詢日","我國","本次未執行逐病互動查詢；待查不代表零。由疾病監測或動物衛生承辦人補，並記錄實際查詢日。"
"6","炭疽病","人類","人傳人能力","本次未蒐集：待查「人傳人能力」的疾病別證據。","US CDC About Anthrax https://www.cdc.gov/anthrax/about/index.html","待查：本次未摘錄發布日","待查：依來源實際適用區域標示","時間有限的練習保留完整 22×30 結構；不可把待查改填 0 或推測值。由資料整理人員補查並記錄實際閱讀並核對日。"
"6","炭疽病","人類","高風險／易感族群衝擊","本次未蒐集：待查「高風險／易感族群衝擊」的疾病別證據。","US CDC About Anthrax https://www.cdc.gov/anthrax/about/index.html","待查：本次未摘錄發布日","待查：依來源實際適用區域標示","時間有限的練習保留完整 22×30 結構；不可把待查改填 0 或推測值。由資料整理人員補查並記錄實際閱讀並核對日。"
"6","炭疽病","人類","法定傳染病分類／通報層級","待查：依主管機關現行資料逐病核對。","疾管署／農業部現行法規與公告入口 https://www.cdc.gov.tw/；https://www.moa.gov.tw/","待查：須記錄實際查詢日","我國","本次未執行逐病互動查詢；待查不代表零。由疾病監測或動物衛生承辦人補，並記錄實際查詢日。"
"6","炭疽病","動物","動物族群致死率","本次未蒐集：待查「動物族群致死率」的疾病別證據。","US CDC About Anthrax https://www.cdc.gov/anthrax/about/index.html","待查：本次未摘錄發布日","待查：依來源實際適用區域標示","時間有限的練習保留完整 22×30 結構；不可把待查改填 0 或推測值。由資料整理人員補查並記錄實際閱讀並核對日。"
"6","炭疽病","動物","畜禽生產衝擊","本次未蒐集：待查「畜禽生產衝擊」的疾病別證據。","US CDC About Anthrax https://www.cdc.gov/anthrax/about/index.html","待查：本次未摘錄發布日","待查：依來源實際適用區域標示","時間有限的練習保留完整 22×30 結構；不可把待查改填 0 或推測值。由資料整理人員補查並記錄實際閱讀並核對日。"
"6","炭疽病","動物","宿主範圍廣度","本次未蒐集：待查「宿主範圍廣度」的疾病別證據。","US CDC About Anthrax https://www.cdc.gov/anthrax/about/index.html","待查：本次未摘錄發布日","待查：依來源實際適用區域標示","時間有限的練習保留完整 22×30 結構；不可把待查改填 0 或推測值。由資料整理人員補查並記錄實際閱讀並核對日。"
"6","炭疽病","動物","WOAH 通報疾病","待查：依 WOAH Terrestrial Animal Health Code 第 1.3 章逐病核對。","WOAH Terrestrial Animal Health Code https://www.woah.org/en/what-we-do/standards/codes-and-manuals/terrestrial-code-online-access/","待查：實際閱讀並核對日","全球","疾病專頁或舊網頁不等於現行 Listed disease；由動物衛生或 WOAH 聯絡窗口補核。"
"6","炭疽病","動物","國內動物疫情活躍度","待查：依主管機關現行資料逐病核對。","疾管署／農業部現行法規與公告入口 https://www.cdc.gov.tw/；https://www.moa.gov.tw/","待查：須記錄實際查詢日","我國","本次未執行逐病互動查詢；待查不代表零。由疾病監測或動物衛生承辦人補，並記錄實際查詢日。"
"6","炭疽病","動物","野生動物保毒宿主","本次未蒐集：待查「野生動物保毒宿主」的疾病別證據。","US CDC About Anthrax https://www.cdc.gov/anthrax/about/index.html","待查：本次未摘錄發布日","待查：依來源實際適用區域標示","時間有限的練習保留完整 22×30 結構；不可把待查改填 0 或推測值。由資料整理人員補查並記錄實際閱讀並核對日。"
"6","炭疽病","環境","病媒存在與氣候適生性","本次未蒐集：待查「病媒存在與氣候適生性」的疾病別證據。","US CDC About Anthrax https://www.cdc.gov/anthrax/about/index.html","待查：本次未摘錄發布日","待查：依來源實際適用區域標示","時間有限的練習保留完整 22×30 結構；不可把待查改填 0 或推測值。由資料整理人員補查並記錄實際閱讀並核對日。"
"6","炭疽病","環境","環境存活／持久性","本次未蒐集：待查「環境存活／持久性」的疾病別證據。","US CDC About Anthrax https://www.cdc.gov/anthrax/about/index.html","待查：本次未摘錄發布日","待查：依來源實際適用區域標示","時間有限的練習保留完整 22×30 結構；不可把待查改填 0 或推測值。由資料整理人員補查並記錄實際閱讀並核對日。"
"6","炭疽病","環境","氣候變遷敏感度","本次未蒐集：待查 氣候變遷敏感度 的可比較定義與資料。","US CDC About Anthrax https://www.cdc.gov/anthrax/about/index.html","待查：本次未摘錄發布日","待查：依來源實際適用區域標示","時間有限的練習保留完整欄位；此格尚未作疾病別查證。由資料整理人員補查並記錄實際閱讀並核對日。"
"6","炭疽病","環境","跨境／境外移入風險","本次未蒐集：待查 跨境／境外移入風險 的可比較定義與資料。","US CDC About Anthrax https://www.cdc.gov/anthrax/about/index.html","待查：本次未摘錄發布日","待查：依來源實際適用區域標示","時間有限的練習保留完整欄位；此格尚未作疾病別查證。由資料整理人員補查並記錄實際閱讀並核對日。"
"6","炭疽病","食安與抗藥性","食品鏈傳播關聯","本次未蒐集：待查 食品鏈傳播關聯 的可比較定義與資料。","US CDC About Anthrax https://www.cdc.gov/anthrax/about/index.html","待查：本次未摘錄發布日","待查：依來源實際適用區域標示","時間有限的練習保留完整欄位；此格尚未作疾病別查證。由資料整理人員補查並記錄實際閱讀並核對日。"
"6","炭疽病","食安與抗藥性","抗微生物抗藥性關聯","本次未蒐集：待查 抗微生物抗藥性關聯 的可比較定義與資料。","US CDC About Anthrax https://www.cdc.gov/anthrax/about/index.html","待查：本次未摘錄發布日","待查：依來源實際適用區域標示","時間有限的練習保留完整欄位；此格尚未作疾病別查證。由資料整理人員補查並記錄實際閱讀並核對日。"
"6","炭疽病","食安與抗藥性","食安事件頻率","本次未蒐集：待查 食安事件頻率 的可比較定義與資料。","US CDC About Anthrax https://www.cdc.gov/anthrax/about/index.html","待查：本次未摘錄發布日","待查：依來源實際適用區域標示","時間有限的練習保留完整欄位；此格尚未作疾病別查證。由資料整理人員補查並記錄實際閱讀並核對日。"
"6","炭疽病","防治能力與資源","人用疫苗","本次未蒐集：待查「人用疫苗」的疾病別證據。","US CDC About Anthrax https://www.cdc.gov/anthrax/about/index.html","待查：本次未摘錄發布日","待查：依來源實際適用區域標示","時間有限的練習保留完整 22×30 結構；不可把待查改填 0 或推測值。由資料整理人員補查並記錄實際閱讀並核對日。"
"6","炭疽病","防治能力與資源","動物疫苗","本次未蒐集：待查「動物疫苗」的疾病別證據。","US CDC About Anthrax https://www.cdc.gov/anthrax/about/index.html","待查：本次未摘錄發布日","待查：依來源實際適用區域標示","時間有限的練習保留完整 22×30 結構；不可把待查改填 0 或推測值。由資料整理人員補查並記錄實際閱讀並核對日。"
"6","炭疽病","防治能力與資源","人用有效治療","本次未蒐集：待查「人用有效治療」的疾病別證據。","US CDC About Anthrax https://www.cdc.gov/anthrax/about/index.html","待查：本次未摘錄發布日","待查：依來源實際適用區域標示","時間有限的練習保留完整 22×30 結構；不可把待查改填 0 或推測值。由資料整理人員補查並記錄實際閱讀並核對日。"
"6","炭疽病","防治能力與資源","實驗室診斷能力與資源","本次未蒐集：待查「實驗室診斷能力與資源」的疾病別證據。","US CDC About Anthrax https://www.cdc.gov/anthrax/about/index.html","待查：本次未摘錄發布日","待查：依來源實際適用區域標示","時間有限的練習保留完整 22×30 結構；不可把待查改填 0 或推測值。由資料整理人員補查並記錄實際閱讀並核對日。"
"6","炭疽病","防治能力與資源","兩部門監測能力與資源","待補資料（補齊前不計分）：本次不評核，不能由公開頁面推論兩部門整合能力與資源。","疾管署與農業部官方入口（僅供負責單位循核准流程補件） https://www.cdc.gov.tw/；https://www.moa.gov.tw/","不適用（本次不評核）","我國","2026-09-10 演練討論結果：本次工作坊不使用此欄評分；不宣稱所有能力與資源資料均非公開，只是不以零散公開資訊推定內部整合能力與資源。由疾管署與農業部負責人員依核准流程補。"
"6","炭疽病","防治能力與資源","防治可行性（綜合）","本次未蒐集：待查「防治可行性（綜合）」的疾病別證據。","US CDC About Anthrax https://www.cdc.gov/anthrax/about/index.html","待查：本次未摘錄發布日","待查：依來源實際適用區域標示","時間有限的練習保留完整 22×30 結構；不可把待查改填 0 或推測值。由資料整理人員補查並記錄實際閱讀並核對日。"
"6","炭疽病","防治能力與資源","跨部門合作現況","本次未蒐集：待查「跨部門合作現況」的疾病別證據。","US CDC About Anthrax https://www.cdc.gov/anthrax/about/index.html","待查：本次未摘錄發布日","待查：依來源實際適用區域標示","時間有限的練習保留完整 22×30 結構；不可把待查改填 0 或推測值。由資料整理人員補查並記錄實際閱讀並核對日。"
"6","炭疽病","社會安全","生物恐怖／管制病原","本次未蒐集：待查「生物恐怖／管制病原」的疾病別證據。","US CDC About Anthrax https://www.cdc.gov/anthrax/about/index.html","待查：本次未摘錄發布日","待查：依來源實際適用區域標示","時間有限的練習保留完整 22×30 結構；不可把待查改填 0 或推測值。由資料整理人員補查並記錄實際閱讀並核對日。"
"6","炭疽病","社會安全","經濟總負擔","本次未蒐集：待查「經濟總負擔」的疾病別證據。","US CDC About Anthrax https://www.cdc.gov/anthrax/about/index.html","待查：本次未摘錄發布日","待查：依來源實際適用區域標示","時間有限的練習保留完整 22×30 結構；不可把待查改填 0 或推測值。由資料整理人員補查並記錄實際閱讀並核對日。"
"6","炭疽病","社會安全","社會關注／媒體顯著度","本次未蒐集：待查「社會關注／媒體顯著度」的疾病別證據。","US CDC About Anthrax https://www.cdc.gov/anthrax/about/index.html","待查：本次未摘錄發布日","待查：依來源實際適用區域標示","時間有限的練習保留完整 22×30 結構；不可把待查改填 0 或推測值。由資料整理人員補查並記錄實際閱讀並核對日。"
"6","炭疽病","社會安全","職業暴露風險","本次未蒐集：待查「職業暴露風險」的疾病別證據。","US CDC About Anthrax https://www.cdc.gov/anthrax/about/index.html","待查：本次未摘錄發布日","待查：依來源實際適用區域標示","時間有限的練習保留完整 22×30 結構；不可把待查改填 0 或推測值。由資料整理人員補查並記錄實際閱讀並核對日。"
"7","漢他病毒症候群","人類","人類致死率（未治療）","本次未蒐集：待查「人類致死率（未治療）」的疾病別證據。","US CDC About Hantavirus https://www.cdc.gov/hantavirus/about/index.html","待查：本次未摘錄發布日","待查：依來源實際適用區域標示","時間有限的練習保留完整 22×30 結構；不可把待查改填 0 或推測值。由資料整理人員補查並記錄實際閱讀並核對日。"
"7","漢他病毒症候群","人類","重症或長期失能比例","本次未蒐集：待查「重症或長期失能比例」的疾病別證據。","US CDC About Hantavirus https://www.cdc.gov/hantavirus/about/index.html","待查：本次未摘錄發布日","待查：依來源實際適用區域標示","時間有限的練習保留完整 22×30 結構；不可把待查改填 0 或推測值。由資料整理人員補查並記錄實際閱讀並核對日。"
"7","漢他病毒症候群","人類","人類年通報數／發生率","待查：NIDSS 逐病互動查詢，由疾病監測承辦人補。","疾管署 NIDSS 傳染病統計資料查詢系統 https://nidss.cdc.gov.tw/","待查：須記錄實際查詢日","我國","本次未執行逐病互動查詢；待查不代表零。由疾病監測或動物衛生承辦人補，並記錄實際查詢日。"
"7","漢他病毒症候群","人類","人傳人能力","本次未蒐集：待查「人傳人能力」的疾病別證據。","US CDC About Hantavirus https://www.cdc.gov/hantavirus/about/index.html","待查：本次未摘錄發布日","待查：依來源實際適用區域標示","時間有限的練習保留完整 22×30 結構；不可把待查改填 0 或推測值。由資料整理人員補查並記錄實際閱讀並核對日。"
"7","漢他病毒症候群","人類","高風險／易感族群衝擊","本次未蒐集：待查「高風險／易感族群衝擊」的疾病別證據。","US CDC About Hantavirus https://www.cdc.gov/hantavirus/about/index.html","待查：本次未摘錄發布日","待查：依來源實際適用區域標示","時間有限的練習保留完整 22×30 結構；不可把待查改填 0 或推測值。由資料整理人員補查並記錄實際閱讀並核對日。"
"7","漢他病毒症候群","人類","法定傳染病分類／通報層級","待查：依主管機關現行資料逐病核對。","疾管署／農業部現行法規與公告入口 https://www.cdc.gov.tw/；https://www.moa.gov.tw/","待查：須記錄實際查詢日","我國","本次未執行逐病互動查詢；待查不代表零。由疾病監測或動物衛生承辦人補，並記錄實際查詢日。"
"7","漢他病毒症候群","動物","動物族群致死率","本次未蒐集：待查「動物族群致死率」的疾病別證據。","US CDC About Hantavirus https://www.cdc.gov/hantavirus/about/index.html","待查：本次未摘錄發布日","待查：依來源實際適用區域標示","時間有限的練習保留完整 22×30 結構；不可把待查改填 0 或推測值。由資料整理人員補查並記錄實際閱讀並核對日。"
"7","漢他病毒症候群","動物","畜禽生產衝擊","本次未蒐集：待查「畜禽生產衝擊」的疾病別證據。","US CDC About Hantavirus https://www.cdc.gov/hantavirus/about/index.html","待查：本次未摘錄發布日","待查：依來源實際適用區域標示","時間有限的練習保留完整 22×30 結構；不可把待查改填 0 或推測值。由資料整理人員補查並記錄實際閱讀並核對日。"
"7","漢他病毒症候群","動物","宿主範圍廣度","本次未蒐集：待查「宿主範圍廣度」的疾病別證據。","US CDC About Hantavirus https://www.cdc.gov/hantavirus/about/index.html","待查：本次未摘錄發布日","待查：依來源實際適用區域標示","時間有限的練習保留完整 22×30 結構；不可把待查改填 0 或推測值。由資料整理人員補查並記錄實際閱讀並核對日。"
"7","漢他病毒症候群","動物","WOAH 通報疾病","待查：依 WOAH Terrestrial Animal Health Code 第 1.3 章逐病核對。","WOAH Terrestrial Animal Health Code https://www.woah.org/en/what-we-do/standards/codes-and-manuals/terrestrial-code-online-access/","待查：實際閱讀並核對日","全球","疾病專頁或舊網頁不等於現行 Listed disease；由動物衛生或 WOAH 聯絡窗口補核。"
"7","漢他病毒症候群","動物","國內動物疫情活躍度","待查：依主管機關現行資料逐病核對。","疾管署／農業部現行法規與公告入口 https://www.cdc.gov.tw/；https://www.moa.gov.tw/","待查：須記錄實際查詢日","我國","本次未執行逐病互動查詢；待查不代表零。由疾病監測或動物衛生承辦人補，並記錄實際查詢日。"
"7","漢他病毒症候群","動物","野生動物保毒宿主","本次未蒐集：待查「野生動物保毒宿主」的疾病別證據。","US CDC About Hantavirus https://www.cdc.gov/hantavirus/about/index.html","待查：本次未摘錄發布日","待查：依來源實際適用區域標示","時間有限的練習保留完整 22×30 結構；不可把待查改填 0 或推測值。由資料整理人員補查並記錄實際閱讀並核對日。"
"7","漢他病毒症候群","環境","病媒存在與氣候適生性","本次未蒐集：待查「病媒存在與氣候適生性」的疾病別證據。","US CDC About Hantavirus https://www.cdc.gov/hantavirus/about/index.html","待查：本次未摘錄發布日","待查：依來源實際適用區域標示","時間有限的練習保留完整 22×30 結構；不可把待查改填 0 或推測值。由資料整理人員補查並記錄實際閱讀並核對日。"
"7","漢他病毒症候群","環境","環境存活／持久性","本次未蒐集：待查「環境存活／持久性」的疾病別證據。","US CDC About Hantavirus https://www.cdc.gov/hantavirus/about/index.html","待查：本次未摘錄發布日","待查：依來源實際適用區域標示","時間有限的練習保留完整 22×30 結構；不可把待查改填 0 或推測值。由資料整理人員補查並記錄實際閱讀並核對日。"
"7","漢他病毒症候群","環境","氣候變遷敏感度","本次未蒐集：待查 氣候變遷敏感度 的可比較定義與資料。","US CDC About Hantavirus https://www.cdc.gov/hantavirus/about/index.html","待查：本次未摘錄發布日","待查：依來源實際適用區域標示","時間有限的練習保留完整欄位；此格尚未作疾病別查證。由資料整理人員補查並記錄實際閱讀並核對日。"
"7","漢他病毒症候群","環境","跨境／境外移入風險","本次未蒐集：待查 跨境／境外移入風險 的可比較定義與資料。","US CDC About Hantavirus https://www.cdc.gov/hantavirus/about/index.html","待查：本次未摘錄發布日","待查：依來源實際適用區域標示","時間有限的練習保留完整欄位；此格尚未作疾病別查證。由資料整理人員補查並記錄實際閱讀並核對日。"
"7","漢他病毒症候群","食安與抗藥性","食品鏈傳播關聯","本次未蒐集：待查 食品鏈傳播關聯 的可比較定義與資料。","US CDC About Hantavirus https://www.cdc.gov/hantavirus/about/index.html","待查：本次未摘錄發布日","待查：依來源實際適用區域標示","時間有限的練習保留完整欄位；此格尚未作疾病別查證。由資料整理人員補查並記錄實際閱讀並核對日。"
"7","漢他病毒症候群","食安與抗藥性","抗微生物抗藥性關聯","本次未蒐集：待查 抗微生物抗藥性關聯 的可比較定義與資料。","US CDC About Hantavirus https://www.cdc.gov/hantavirus/about/index.html","待查：本次未摘錄發布日","待查：依來源實際適用區域標示","時間有限的練習保留完整欄位；此格尚未作疾病別查證。由資料整理人員補查並記錄實際閱讀並核對日。"
"7","漢他病毒症候群","食安與抗藥性","食安事件頻率","本次未蒐集：待查 食安事件頻率 的可比較定義與資料。","US CDC About Hantavirus https://www.cdc.gov/hantavirus/about/index.html","待查：本次未摘錄發布日","待查：依來源實際適用區域標示","時間有限的練習保留完整欄位；此格尚未作疾病別查證。由資料整理人員補查並記錄實際閱讀並核對日。"
"7","漢他病毒症候群","防治能力與資源","人用疫苗","本次未蒐集：待查「人用疫苗」的疾病別證據。","US CDC About Hantavirus https://www.cdc.gov/hantavirus/about/index.html","待查：本次未摘錄發布日","待查：依來源實際適用區域標示","時間有限的練習保留完整 22×30 結構；不可把待查改填 0 或推測值。由資料整理人員補查並記錄實際閱讀並核對日。"
"7","漢他病毒症候群","防治能力與資源","動物疫苗","本次未蒐集：待查「動物疫苗」的疾病別證據。","US CDC About Hantavirus https://www.cdc.gov/hantavirus/about/index.html","待查：本次未摘錄發布日","待查：依來源實際適用區域標示","時間有限的練習保留完整 22×30 結構；不可把待查改填 0 或推測值。由資料整理人員補查並記錄實際閱讀並核對日。"
"7","漢他病毒症候群","防治能力與資源","人用有效治療","本次未蒐集：待查「人用有效治療」的疾病別證據。","US CDC About Hantavirus https://www.cdc.gov/hantavirus/about/index.html","待查：本次未摘錄發布日","待查：依來源實際適用區域標示","時間有限的練習保留完整 22×30 結構；不可把待查改填 0 或推測值。由資料整理人員補查並記錄實際閱讀並核對日。"
"7","漢他病毒症候群","防治能力與資源","實驗室診斷能力與資源","本次未蒐集：待查「實驗室診斷能力與資源」的疾病別證據。","US CDC About Hantavirus https://www.cdc.gov/hantavirus/about/index.html","待查：本次未摘錄發布日","待查：依來源實際適用區域標示","時間有限的練習保留完整 22×30 結構；不可把待查改填 0 或推測值。由資料整理人員補查並記錄實際閱讀並核對日。"
"7","漢他病毒症候群","防治能力與資源","兩部門監測能力與資源","待補資料（補齊前不計分）：本次不評核，不能由公開頁面推論兩部門整合能力與資源。","疾管署與農業部官方入口（僅供負責單位循核准流程補件） https://www.cdc.gov.tw/；https://www.moa.gov.tw/","不適用（本次不評核）","我國","2026-09-10 演練討論結果：本次工作坊不使用此欄評分；不宣稱所有能力與資源資料均非公開，只是不以零散公開資訊推定內部整合能力與資源。由疾管署與農業部負責人員依核准流程補。"
"7","漢他病毒症候群","防治能力與資源","防治可行性（綜合）","本次未蒐集：待查「防治可行性（綜合）」的疾病別證據。","US CDC About Hantavirus https://www.cdc.gov/hantavirus/about/index.html","待查：本次未摘錄發布日","待查：依來源實際適用區域標示","時間有限的練習保留完整 22×30 結構；不可把待查改填 0 或推測值。由資料整理人員補查並記錄實際閱讀並核對日。"
"7","漢他病毒症候群","防治能力與資源","跨部門合作現況","本次未蒐集：待查「跨部門合作現況」的疾病別證據。","US CDC About Hantavirus https://www.cdc.gov/hantavirus/about/index.html","待查：本次未摘錄發布日","待查：依來源實際適用區域標示","時間有限的練習保留完整 22×30 結構；不可把待查改填 0 或推測值。由資料整理人員補查並記錄實際閱讀並核對日。"
"7","漢他病毒症候群","社會安全","生物恐怖／管制病原","本次未蒐集：待查「生物恐怖／管制病原」的疾病別證據。","US CDC About Hantavirus https://www.cdc.gov/hantavirus/about/index.html","待查：本次未摘錄發布日","待查：依來源實際適用區域標示","時間有限的練習保留完整 22×30 結構；不可把待查改填 0 或推測值。由資料整理人員補查並記錄實際閱讀並核對日。"
"7","漢他病毒症候群","社會安全","經濟總負擔","本次未蒐集：待查「經濟總負擔」的疾病別證據。","US CDC About Hantavirus https://www.cdc.gov/hantavirus/about/index.html","待查：本次未摘錄發布日","待查：依來源實際適用區域標示","時間有限的練習保留完整 22×30 結構；不可把待查改填 0 或推測值。由資料整理人員補查並記錄實際閱讀並核對日。"
"7","漢他病毒症候群","社會安全","社會關注／媒體顯著度","本次未蒐集：待查「社會關注／媒體顯著度」的疾病別證據。","US CDC About Hantavirus https://www.cdc.gov/hantavirus/about/index.html","待查：本次未摘錄發布日","待查：依來源實際適用區域標示","時間有限的練習保留完整 22×30 結構；不可把待查改填 0 或推測值。由資料整理人員補查並記錄實際閱讀並核對日。"
"7","漢他病毒症候群","社會安全","職業暴露風險","本次未蒐集：待查「職業暴露風險」的疾病別證據。","US CDC About Hantavirus https://www.cdc.gov/hantavirus/about/index.html","待查：本次未摘錄發布日","待查：依來源實際適用區域標示","時間有限的練習保留完整 22×30 結構；不可把待查改填 0 或推測值。由資料整理人員補查並記錄實際閱讀並核對日。"
"8","西尼羅熱","人類","人類致死率（未治療）","本次未蒐集：待查「人類致死率（未治療）」的疾病別證據。","WHO West Nile virus https://www.who.int/news-room/fact-sheets/detail/west-nile-virus","待查：本次未摘錄發布日","待查：依來源實際適用區域標示","時間有限的練習保留完整 22×30 結構；不可把待查改填 0 或推測值。由資料整理人員補查並記錄實際閱讀並核對日。"
"8","西尼羅熱","人類","重症或長期失能比例","本次未蒐集：待查「重症或長期失能比例」的疾病別證據。","WHO West Nile virus https://www.who.int/news-room/fact-sheets/detail/west-nile-virus","待查：本次未摘錄發布日","待查：依來源實際適用區域標示","時間有限的練習保留完整 22×30 結構；不可把待查改填 0 或推測值。由資料整理人員補查並記錄實際閱讀並核對日。"
"8","西尼羅熱","人類","人類年通報數／發生率","待查：NIDSS 逐病互動查詢，由疾病監測承辦人補。","疾管署 NIDSS 傳染病統計資料查詢系統 https://nidss.cdc.gov.tw/","待查：須記錄實際查詢日","我國","本次未執行逐病互動查詢；待查不代表零。由疾病監測或動物衛生承辦人補，並記錄實際查詢日。"
"8","西尼羅熱","人類","人傳人能力","本次未蒐集：待查「人傳人能力」的疾病別證據。","WHO West Nile virus https://www.who.int/news-room/fact-sheets/detail/west-nile-virus","待查：本次未摘錄發布日","待查：依來源實際適用區域標示","時間有限的練習保留完整 22×30 結構；不可把待查改填 0 或推測值。由資料整理人員補查並記錄實際閱讀並核對日。"
"8","西尼羅熱","人類","高風險／易感族群衝擊","本次未蒐集：待查「高風險／易感族群衝擊」的疾病別證據。","WHO West Nile virus https://www.who.int/news-room/fact-sheets/detail/west-nile-virus","待查：本次未摘錄發布日","待查：依來源實際適用區域標示","時間有限的練習保留完整 22×30 結構；不可把待查改填 0 或推測值。由資料整理人員補查並記錄實際閱讀並核對日。"
"8","西尼羅熱","人類","法定傳染病分類／通報層級","待查：依主管機關現行資料逐病核對。","疾管署／農業部現行法規與公告入口 https://www.cdc.gov.tw/；https://www.moa.gov.tw/","待查：須記錄實際查詢日","我國","本次未執行逐病互動查詢；待查不代表零。由疾病監測或動物衛生承辦人補，並記錄實際查詢日。"
"8","西尼羅熱","動物","動物族群致死率","本次未蒐集：待查「動物族群致死率」的疾病別證據。","WHO West Nile virus https://www.who.int/news-room/fact-sheets/detail/west-nile-virus","待查：本次未摘錄發布日","待查：依來源實際適用區域標示","時間有限的練習保留完整 22×30 結構；不可把待查改填 0 或推測值。由資料整理人員補查並記錄實際閱讀並核對日。"
"8","西尼羅熱","動物","畜禽生產衝擊","本次未蒐集：待查「畜禽生產衝擊」的疾病別證據。","WHO West Nile virus https://www.who.int/news-room/fact-sheets/detail/west-nile-virus","待查：本次未摘錄發布日","待查：依來源實際適用區域標示","時間有限的練習保留完整 22×30 結構；不可把待查改填 0 或推測值。由資料整理人員補查並記錄實際閱讀並核對日。"
"8","西尼羅熱","動物","宿主範圍廣度","本次未蒐集：待查「宿主範圍廣度」的疾病別證據。","WHO West Nile virus https://www.who.int/news-room/fact-sheets/detail/west-nile-virus","待查：本次未摘錄發布日","待查：依來源實際適用區域標示","時間有限的練習保留完整 22×30 結構；不可把待查改填 0 或推測值。由資料整理人員補查並記錄實際閱讀並核對日。"
"8","西尼羅熱","動物","WOAH 通報疾病","待查：依 WOAH Terrestrial Animal Health Code 第 1.3 章逐病核對。","WOAH Terrestrial Animal Health Code https://www.woah.org/en/what-we-do/standards/codes-and-manuals/terrestrial-code-online-access/","待查：實際閱讀並核對日","全球","疾病專頁或舊網頁不等於現行 Listed disease；由動物衛生或 WOAH 聯絡窗口補核。"
"8","西尼羅熱","動物","國內動物疫情活躍度","待查：依主管機關現行資料逐病核對。","疾管署／農業部現行法規與公告入口 https://www.cdc.gov.tw/；https://www.moa.gov.tw/","待查：須記錄實際查詢日","我國","本次未執行逐病互動查詢；待查不代表零。由疾病監測或動物衛生承辦人補，並記錄實際查詢日。"
"8","西尼羅熱","動物","野生動物保毒宿主","本次未蒐集：待查「野生動物保毒宿主」的疾病別證據。","WHO West Nile virus https://www.who.int/news-room/fact-sheets/detail/west-nile-virus","待查：本次未摘錄發布日","待查：依來源實際適用區域標示","時間有限的練習保留完整 22×30 結構；不可把待查改填 0 或推測值。由資料整理人員補查並記錄實際閱讀並核對日。"
"8","西尼羅熱","環境","病媒存在與氣候適生性","本次未蒐集：待查「病媒存在與氣候適生性」的疾病別證據。","WHO West Nile virus https://www.who.int/news-room/fact-sheets/detail/west-nile-virus","待查：本次未摘錄發布日","待查：依來源實際適用區域標示","時間有限的練習保留完整 22×30 結構；不可把待查改填 0 或推測值。由資料整理人員補查並記錄實際閱讀並核對日。"
"8","西尼羅熱","環境","環境存活／持久性","本次未蒐集：待查「環境存活／持久性」的疾病別證據。","WHO West Nile virus https://www.who.int/news-room/fact-sheets/detail/west-nile-virus","待查：本次未摘錄發布日","待查：依來源實際適用區域標示","時間有限的練習保留完整 22×30 結構；不可把待查改填 0 或推測值。由資料整理人員補查並記錄實際閱讀並核對日。"
"8","西尼羅熱","環境","氣候變遷敏感度","本次未蒐集：待查 氣候變遷敏感度 的可比較定義與資料。","WHO West Nile virus https://www.who.int/news-room/fact-sheets/detail/west-nile-virus","待查：本次未摘錄發布日","待查：依來源實際適用區域標示","時間有限的練習保留完整欄位；此格尚未作疾病別查證。由資料整理人員補查並記錄實際閱讀並核對日。"
"8","西尼羅熱","環境","跨境／境外移入風險","本次未蒐集：待查 跨境／境外移入風險 的可比較定義與資料。","WHO West Nile virus https://www.who.int/news-room/fact-sheets/detail/west-nile-virus","待查：本次未摘錄發布日","待查：依來源實際適用區域標示","時間有限的練習保留完整欄位；此格尚未作疾病別查證。由資料整理人員補查並記錄實際閱讀並核對日。"
"8","西尼羅熱","食安與抗藥性","食品鏈傳播關聯","本次未蒐集：待查 食品鏈傳播關聯 的可比較定義與資料。","WHO West Nile virus https://www.who.int/news-room/fact-sheets/detail/west-nile-virus","待查：本次未摘錄發布日","待查：依來源實際適用區域標示","時間有限的練習保留完整欄位；此格尚未作疾病別查證。由資料整理人員補查並記錄實際閱讀並核對日。"
"8","西尼羅熱","食安與抗藥性","抗微生物抗藥性關聯","本次未蒐集：待查 抗微生物抗藥性關聯 的可比較定義與資料。","WHO West Nile virus https://www.who.int/news-room/fact-sheets/detail/west-nile-virus","待查：本次未摘錄發布日","待查：依來源實際適用區域標示","時間有限的練習保留完整欄位；此格尚未作疾病別查證。由資料整理人員補查並記錄實際閱讀並核對日。"
"8","西尼羅熱","食安與抗藥性","食安事件頻率","本次未蒐集：待查 食安事件頻率 的可比較定義與資料。","WHO West Nile virus https://www.who.int/news-room/fact-sheets/detail/west-nile-virus","待查：本次未摘錄發布日","待查：依來源實際適用區域標示","時間有限的練習保留完整欄位；此格尚未作疾病別查證。由資料整理人員補查並記錄實際閱讀並核對日。"
"8","西尼羅熱","防治能力與資源","人用疫苗","本次未蒐集：待查「人用疫苗」的疾病別證據。","WHO West Nile virus https://www.who.int/news-room/fact-sheets/detail/west-nile-virus","待查：本次未摘錄發布日","待查：依來源實際適用區域標示","時間有限的練習保留完整 22×30 結構；不可把待查改填 0 或推測值。由資料整理人員補查並記錄實際閱讀並核對日。"
"8","西尼羅熱","防治能力與資源","動物疫苗","本次未蒐集：待查「動物疫苗」的疾病別證據。","WHO West Nile virus https://www.who.int/news-room/fact-sheets/detail/west-nile-virus","待查：本次未摘錄發布日","待查：依來源實際適用區域標示","時間有限的練習保留完整 22×30 結構；不可把待查改填 0 或推測值。由資料整理人員補查並記錄實際閱讀並核對日。"
"8","西尼羅熱","防治能力與資源","人用有效治療","本次未蒐集：待查「人用有效治療」的疾病別證據。","WHO West Nile virus https://www.who.int/news-room/fact-sheets/detail/west-nile-virus","待查：本次未摘錄發布日","待查：依來源實際適用區域標示","時間有限的練習保留完整 22×30 結構；不可把待查改填 0 或推測值。由資料整理人員補查並記錄實際閱讀並核對日。"
"8","西尼羅熱","防治能力與資源","實驗室診斷能力與資源","本次未蒐集：待查「實驗室診斷能力與資源」的疾病別證據。","WHO West Nile virus https://www.who.int/news-room/fact-sheets/detail/west-nile-virus","待查：本次未摘錄發布日","待查：依來源實際適用區域標示","時間有限的練習保留完整 22×30 結構；不可把待查改填 0 或推測值。由資料整理人員補查並記錄實際閱讀並核對日。"
"8","西尼羅熱","防治能力與資源","兩部門監測能力與資源","待補資料（補齊前不計分）：本次不評核，不能由公開頁面推論兩部門整合能力與資源。","疾管署與農業部官方入口（僅供負責單位循核准流程補件） https://www.cdc.gov.tw/；https://www.moa.gov.tw/","不適用（本次不評核）","我國","2026-09-10 演練討論結果：本次工作坊不使用此欄評分；不宣稱所有能力與資源資料均非公開，只是不以零散公開資訊推定內部整合能力與資源。由疾管署與農業部負責人員依核准流程補。"
"8","西尼羅熱","防治能力與資源","防治可行性（綜合）","本次未蒐集：待查「防治可行性（綜合）」的疾病別證據。","WHO West Nile virus https://www.who.int/news-room/fact-sheets/detail/west-nile-virus","待查：本次未摘錄發布日","待查：依來源實際適用區域標示","時間有限的練習保留完整 22×30 結構；不可把待查改填 0 或推測值。由資料整理人員補查並記錄實際閱讀並核對日。"
"8","西尼羅熱","防治能力與資源","跨部門合作現況","本次未蒐集：待查「跨部門合作現況」的疾病別證據。","WHO West Nile virus https://www.who.int/news-room/fact-sheets/detail/west-nile-virus","待查：本次未摘錄發布日","待查：依來源實際適用區域標示","時間有限的練習保留完整 22×30 結構；不可把待查改填 0 或推測值。由資料整理人員補查並記錄實際閱讀並核對日。"
"8","西尼羅熱","社會安全","生物恐怖／管制病原","本次未蒐集：待查「生物恐怖／管制病原」的疾病別證據。","WHO West Nile virus https://www.who.int/news-room/fact-sheets/detail/west-nile-virus","待查：本次未摘錄發布日","待查：依來源實際適用區域標示","時間有限的練習保留完整 22×30 結構；不可把待查改填 0 或推測值。由資料整理人員補查並記錄實際閱讀並核對日。"
"8","西尼羅熱","社會安全","經濟總負擔","本次未蒐集：待查「經濟總負擔」的疾病別證據。","WHO West Nile virus https://www.who.int/news-room/fact-sheets/detail/west-nile-virus","待查：本次未摘錄發布日","待查：依來源實際適用區域標示","時間有限的練習保留完整 22×30 結構；不可把待查改填 0 或推測值。由資料整理人員補查並記錄實際閱讀並核對日。"
"8","西尼羅熱","社會安全","社會關注／媒體顯著度","本次未蒐集：待查「社會關注／媒體顯著度」的疾病別證據。","WHO West Nile virus https://www.who.int/news-room/fact-sheets/detail/west-nile-virus","待查：本次未摘錄發布日","待查：依來源實際適用區域標示","時間有限的練習保留完整 22×30 結構；不可把待查改填 0 或推測值。由資料整理人員補查並記錄實際閱讀並核對日。"
"8","西尼羅熱","社會安全","職業暴露風險","本次未蒐集：待查「職業暴露風險」的疾病別證據。","WHO West Nile virus https://www.who.int/news-room/fact-sheets/detail/west-nile-virus","待查：本次未摘錄發布日","待查：依來源實際適用區域標示","時間有限的練習保留完整 22×30 結構；不可把待查改填 0 或推測值。由資料整理人員補查並記錄實際閱讀並核對日。"
"9","腸道出血性大腸桿菌感染症","人類","人類致死率（未治療）","本次未蒐集：待查「人類致死率（未治療）」的疾病別證據。","WHO E. coli https://www.who.int/news-room/fact-sheets/detail/e-coli","待查：本次未摘錄發布日","待查：依來源實際適用區域標示","時間有限的練習保留完整 22×30 結構；不可把待查改填 0 或推測值。由資料整理人員補查並記錄實際閱讀並核對日。"
"9","腸道出血性大腸桿菌感染症","人類","重症或長期失能比例","本次未蒐集：待查「重症或長期失能比例」的疾病別證據。","WHO E. coli https://www.who.int/news-room/fact-sheets/detail/e-coli","待查：本次未摘錄發布日","待查：依來源實際適用區域標示","時間有限的練習保留完整 22×30 結構；不可把待查改填 0 或推測值。由資料整理人員補查並記錄實際閱讀並核對日。"
"9","腸道出血性大腸桿菌感染症","人類","人類年通報數／發生率","待查：NIDSS 逐病互動查詢，由疾病監測承辦人補。","疾管署 NIDSS 傳染病統計資料查詢系統 https://nidss.cdc.gov.tw/","待查：須記錄實際查詢日","我國","本次未執行逐病互動查詢；待查不代表零。由疾病監測或動物衛生承辦人補，並記錄實際查詢日。"
"9","腸道出血性大腸桿菌感染症","人類","人傳人能力","本次未蒐集：待查「人傳人能力」的疾病別證據。","WHO E. coli https://www.who.int/news-room/fact-sheets/detail/e-coli","待查：本次未摘錄發布日","待查：依來源實際適用區域標示","時間有限的練習保留完整 22×30 結構；不可把待查改填 0 或推測值。由資料整理人員補查並記錄實際閱讀並核對日。"
"9","腸道出血性大腸桿菌感染症","人類","高風險／易感族群衝擊","本次未蒐集：待查「高風險／易感族群衝擊」的疾病別證據。","WHO E. coli https://www.who.int/news-room/fact-sheets/detail/e-coli","待查：本次未摘錄發布日","待查：依來源實際適用區域標示","時間有限的練習保留完整 22×30 結構；不可把待查改填 0 或推測值。由資料整理人員補查並記錄實際閱讀並核對日。"
"9","腸道出血性大腸桿菌感染症","人類","法定傳染病分類／通報層級","待查：依主管機關現行資料逐病核對。","疾管署／農業部現行法規與公告入口 https://www.cdc.gov.tw/；https://www.moa.gov.tw/","待查：須記錄實際查詢日","我國","本次未執行逐病互動查詢；待查不代表零。由疾病監測或動物衛生承辦人補，並記錄實際查詢日。"
"9","腸道出血性大腸桿菌感染症","動物","動物族群致死率","本次未蒐集：待查「動物族群致死率」的疾病別證據。","WHO E. coli https://www.who.int/news-room/fact-sheets/detail/e-coli","待查：本次未摘錄發布日","待查：依來源實際適用區域標示","時間有限的練習保留完整 22×30 結構；不可把待查改填 0 或推測值。由資料整理人員補查並記錄實際閱讀並核對日。"
"9","腸道出血性大腸桿菌感染症","動物","畜禽生產衝擊","本次未蒐集：待查「畜禽生產衝擊」的疾病別證據。","WHO E. coli https://www.who.int/news-room/fact-sheets/detail/e-coli","待查：本次未摘錄發布日","待查：依來源實際適用區域標示","時間有限的練習保留完整 22×30 結構；不可把待查改填 0 或推測值。由資料整理人員補查並記錄實際閱讀並核對日。"
"9","腸道出血性大腸桿菌感染症","動物","宿主範圍廣度","本次未蒐集：待查「宿主範圍廣度」的疾病別證據。","WHO E. coli https://www.who.int/news-room/fact-sheets/detail/e-coli","待查：本次未摘錄發布日","待查：依來源實際適用區域標示","時間有限的練習保留完整 22×30 結構；不可把待查改填 0 或推測值。由資料整理人員補查並記錄實際閱讀並核對日。"
"9","腸道出血性大腸桿菌感染症","動物","WOAH 通報疾病","待查：依 WOAH Terrestrial Animal Health Code 第 1.3 章逐病核對。","WOAH Terrestrial Animal Health Code https://www.woah.org/en/what-we-do/standards/codes-and-manuals/terrestrial-code-online-access/","待查：實際閱讀並核對日","全球","疾病專頁或舊網頁不等於現行 Listed disease；由動物衛生或 WOAH 聯絡窗口補核。"
"9","腸道出血性大腸桿菌感染症","動物","國內動物疫情活躍度","待查：依主管機關現行資料逐病核對。","疾管署／農業部現行法規與公告入口 https://www.cdc.gov.tw/；https://www.moa.gov.tw/","待查：須記錄實際查詢日","我國","本次未執行逐病互動查詢；待查不代表零。由疾病監測或動物衛生承辦人補，並記錄實際查詢日。"
"9","腸道出血性大腸桿菌感染症","動物","野生動物保毒宿主","本次未蒐集：待查「野生動物保毒宿主」的疾病別證據。","WHO E. coli https://www.who.int/news-room/fact-sheets/detail/e-coli","待查：本次未摘錄發布日","待查：依來源實際適用區域標示","時間有限的練習保留完整 22×30 結構；不可把待查改填 0 或推測值。由資料整理人員補查並記錄實際閱讀並核對日。"
"9","腸道出血性大腸桿菌感染症","環境","病媒存在與氣候適生性","本次未蒐集：待查「病媒存在與氣候適生性」的疾病別證據。","WHO E. coli https://www.who.int/news-room/fact-sheets/detail/e-coli","待查：本次未摘錄發布日","待查：依來源實際適用區域標示","時間有限的練習保留完整 22×30 結構；不可把待查改填 0 或推測值。由資料整理人員補查並記錄實際閱讀並核對日。"
"9","腸道出血性大腸桿菌感染症","環境","環境存活／持久性","本次未蒐集：待查「環境存活／持久性」的疾病別證據。","WHO E. coli https://www.who.int/news-room/fact-sheets/detail/e-coli","待查：本次未摘錄發布日","待查：依來源實際適用區域標示","時間有限的練習保留完整 22×30 結構；不可把待查改填 0 或推測值。由資料整理人員補查並記錄實際閱讀並核對日。"
"9","腸道出血性大腸桿菌感染症","環境","氣候變遷敏感度","本次未蒐集：待查 氣候變遷敏感度 的可比較定義與資料。","WHO E. coli https://www.who.int/news-room/fact-sheets/detail/e-coli","待查：本次未摘錄發布日","待查：依來源實際適用區域標示","時間有限的練習保留完整欄位；此格尚未作疾病別查證。由資料整理人員補查並記錄實際閱讀並核對日。"
"9","腸道出血性大腸桿菌感染症","環境","跨境／境外移入風險","本次未蒐集：待查 跨境／境外移入風險 的可比較定義與資料。","WHO E. coli https://www.who.int/news-room/fact-sheets/detail/e-coli","待查：本次未摘錄發布日","待查：依來源實際適用區域標示","時間有限的練習保留完整欄位；此格尚未作疾病別查證。由資料整理人員補查並記錄實際閱讀並核對日。"
"9","腸道出血性大腸桿菌感染症","食安與抗藥性","食品鏈傳播關聯","本次未蒐集：待查 食品鏈傳播關聯 的可比較定義與資料。","WHO E. coli https://www.who.int/news-room/fact-sheets/detail/e-coli","待查：本次未摘錄發布日","待查：依來源實際適用區域標示","時間有限的練習保留完整欄位；此格尚未作疾病別查證。由資料整理人員補查並記錄實際閱讀並核對日。"
"9","腸道出血性大腸桿菌感染症","食安與抗藥性","抗微生物抗藥性關聯","本次未蒐集：待查 抗微生物抗藥性關聯 的可比較定義與資料。","WHO E. coli https://www.who.int/news-room/fact-sheets/detail/e-coli","待查：本次未摘錄發布日","待查：依來源實際適用區域標示","時間有限的練習保留完整欄位；此格尚未作疾病別查證。由資料整理人員補查並記錄實際閱讀並核對日。"
"9","腸道出血性大腸桿菌感染症","食安與抗藥性","食安事件頻率","本次未蒐集：待查 食安事件頻率 的可比較定義與資料。","WHO E. coli https://www.who.int/news-room/fact-sheets/detail/e-coli","待查：本次未摘錄發布日","待查：依來源實際適用區域標示","時間有限的練習保留完整欄位；此格尚未作疾病別查證。由資料整理人員補查並記錄實際閱讀並核對日。"
"9","腸道出血性大腸桿菌感染症","防治能力與資源","人用疫苗","本次未蒐集：待查「人用疫苗」的疾病別證據。","WHO E. coli https://www.who.int/news-room/fact-sheets/detail/e-coli","待查：本次未摘錄發布日","待查：依來源實際適用區域標示","時間有限的練習保留完整 22×30 結構；不可把待查改填 0 或推測值。由資料整理人員補查並記錄實際閱讀並核對日。"
"9","腸道出血性大腸桿菌感染症","防治能力與資源","動物疫苗","本次未蒐集：待查「動物疫苗」的疾病別證據。","WHO E. coli https://www.who.int/news-room/fact-sheets/detail/e-coli","待查：本次未摘錄發布日","待查：依來源實際適用區域標示","時間有限的練習保留完整 22×30 結構；不可把待查改填 0 或推測值。由資料整理人員補查並記錄實際閱讀並核對日。"
"9","腸道出血性大腸桿菌感染症","防治能力與資源","人用有效治療","本次未蒐集：待查「人用有效治療」的疾病別證據。","WHO E. coli https://www.who.int/news-room/fact-sheets/detail/e-coli","待查：本次未摘錄發布日","待查：依來源實際適用區域標示","時間有限的練習保留完整 22×30 結構；不可把待查改填 0 或推測值。由資料整理人員補查並記錄實際閱讀並核對日。"
"9","腸道出血性大腸桿菌感染症","防治能力與資源","實驗室診斷能力與資源","本次未蒐集：待查「實驗室診斷能力與資源」的疾病別證據。","WHO E. coli https://www.who.int/news-room/fact-sheets/detail/e-coli","待查：本次未摘錄發布日","待查：依來源實際適用區域標示","時間有限的練習保留完整 22×30 結構；不可把待查改填 0 或推測值。由資料整理人員補查並記錄實際閱讀並核對日。"
"9","腸道出血性大腸桿菌感染症","防治能力與資源","兩部門監測能力與資源","待補資料（補齊前不計分）：本次不評核，不能由公開頁面推論兩部門整合能力與資源。","疾管署與農業部官方入口（僅供負責單位循核准流程補件） https://www.cdc.gov.tw/；https://www.moa.gov.tw/","不適用（本次不評核）","我國","2026-09-10 演練討論結果：本次工作坊不使用此欄評分；不宣稱所有能力與資源資料均非公開，只是不以零散公開資訊推定內部整合能力與資源。由疾管署與農業部負責人員依核准流程補。"
"9","腸道出血性大腸桿菌感染症","防治能力與資源","防治可行性（綜合）","本次未蒐集：待查「防治可行性（綜合）」的疾病別證據。","WHO E. coli https://www.who.int/news-room/fact-sheets/detail/e-coli","待查：本次未摘錄發布日","待查：依來源實際適用區域標示","時間有限的練習保留完整 22×30 結構；不可把待查改填 0 或推測值。由資料整理人員補查並記錄實際閱讀並核對日。"
"9","腸道出血性大腸桿菌感染症","防治能力與資源","跨部門合作現況","本次未蒐集：待查「跨部門合作現況」的疾病別證據。","WHO E. coli https://www.who.int/news-room/fact-sheets/detail/e-coli","待查：本次未摘錄發布日","待查：依來源實際適用區域標示","時間有限的練習保留完整 22×30 結構；不可把待查改填 0 或推測值。由資料整理人員補查並記錄實際閱讀並核對日。"
"9","腸道出血性大腸桿菌感染症","社會安全","生物恐怖／管制病原","本次未蒐集：待查「生物恐怖／管制病原」的疾病別證據。","WHO E. coli https://www.who.int/news-room/fact-sheets/detail/e-coli","待查：本次未摘錄發布日","待查：依來源實際適用區域標示","時間有限的練習保留完整 22×30 結構；不可把待查改填 0 或推測值。由資料整理人員補查並記錄實際閱讀並核對日。"
"9","腸道出血性大腸桿菌感染症","社會安全","經濟總負擔","本次未蒐集：待查「經濟總負擔」的疾病別證據。","WHO E. coli https://www.who.int/news-room/fact-sheets/detail/e-coli","待查：本次未摘錄發布日","待查：依來源實際適用區域標示","時間有限的練習保留完整 22×30 結構；不可把待查改填 0 或推測值。由資料整理人員補查並記錄實際閱讀並核對日。"
"9","腸道出血性大腸桿菌感染症","社會安全","社會關注／媒體顯著度","本次未蒐集：待查「社會關注／媒體顯著度」的疾病別證據。","WHO E. coli https://www.who.int/news-room/fact-sheets/detail/e-coli","待查：本次未摘錄發布日","待查：依來源實際適用區域標示","時間有限的練習保留完整 22×30 結構；不可把待查改填 0 或推測值。由資料整理人員補查並記錄實際閱讀並核對日。"
"9","腸道出血性大腸桿菌感染症","社會安全","職業暴露風險","本次未蒐集：待查「職業暴露風險」的疾病別證據。","WHO E. coli https://www.who.int/news-room/fact-sheets/detail/e-coli","待查：本次未摘錄發布日","待查：依來源實際適用區域標示","時間有限的練習保留完整 22×30 結構；不可把待查改填 0 或推測值。由資料整理人員補查並記錄實際閱讀並核對日。"
"10","M 痘","人類","人類致死率（未治療）","本次未蒐集：待查「人類致死率（未治療）」的疾病別證據。","WHO Mpox https://www.who.int/news-room/fact-sheets/detail/mpox","待查：本次未摘錄發布日","待查：依來源實際適用區域標示","時間有限的練習保留完整 22×30 結構；不可把待查改填 0 或推測值。由資料整理人員補查並記錄實際閱讀並核對日。"
"10","M 痘","人類","重症或長期失能比例","本次未蒐集：待查「重症或長期失能比例」的疾病別證據。","WHO Mpox https://www.who.int/news-room/fact-sheets/detail/mpox","待查：本次未摘錄發布日","待查：依來源實際適用區域標示","時間有限的練習保留完整 22×30 結構；不可把待查改填 0 或推測值。由資料整理人員補查並記錄實際閱讀並核對日。"
"10","M 痘","人類","人類年通報數／發生率","待查：NIDSS 逐病互動查詢，由疾病監測承辦人補。","疾管署 NIDSS 傳染病統計資料查詢系統 https://nidss.cdc.gov.tw/","待查：須記錄實際查詢日","我國","本次未執行逐病互動查詢；待查不代表零。由疾病監測或動物衛生承辦人補，並記錄實際查詢日。"
"10","M 痘","人類","人傳人能力","本次未蒐集：待查「人傳人能力」的疾病別證據。","WHO Mpox https://www.who.int/news-room/fact-sheets/detail/mpox","待查：本次未摘錄發布日","待查：依來源實際適用區域標示","時間有限的練習保留完整 22×30 結構；不可把待查改填 0 或推測值。由資料整理人員補查並記錄實際閱讀並核對日。"
"10","M 痘","人類","高風險／易感族群衝擊","本次未蒐集：待查「高風險／易感族群衝擊」的疾病別證據。","WHO Mpox https://www.who.int/news-room/fact-sheets/detail/mpox","待查：本次未摘錄發布日","待查：依來源實際適用區域標示","時間有限的練習保留完整 22×30 結構；不可把待查改填 0 或推測值。由資料整理人員補查並記錄實際閱讀並核對日。"
"10","M 痘","人類","法定傳染病分類／通報層級","待查：依主管機關現行資料逐病核對。","疾管署／農業部現行法規與公告入口 https://www.cdc.gov.tw/；https://www.moa.gov.tw/","待查：須記錄實際查詢日","我國","本次未執行逐病互動查詢；待查不代表零。由疾病監測或動物衛生承辦人補，並記錄實際查詢日。"
"10","M 痘","動物","動物族群致死率","本次未蒐集：待查「動物族群致死率」的疾病別證據。","WHO Mpox https://www.who.int/news-room/fact-sheets/detail/mpox","待查：本次未摘錄發布日","待查：依來源實際適用區域標示","時間有限的練習保留完整 22×30 結構；不可把待查改填 0 或推測值。由資料整理人員補查並記錄實際閱讀並核對日。"
"10","M 痘","動物","畜禽生產衝擊","本次未蒐集：待查「畜禽生產衝擊」的疾病別證據。","WHO Mpox https://www.who.int/news-room/fact-sheets/detail/mpox","待查：本次未摘錄發布日","待查：依來源實際適用區域標示","時間有限的練習保留完整 22×30 結構；不可把待查改填 0 或推測值。由資料整理人員補查並記錄實際閱讀並核對日。"
"10","M 痘","動物","宿主範圍廣度","本次未蒐集：待查「宿主範圍廣度」的疾病別證據。","WHO Mpox https://www.who.int/news-room/fact-sheets/detail/mpox","待查：本次未摘錄發布日","待查：依來源實際適用區域標示","時間有限的練習保留完整 22×30 結構；不可把待查改填 0 或推測值。由資料整理人員補查並記錄實際閱讀並核對日。"
"10","M 痘","動物","WOAH 通報疾病","待查：依 WOAH Terrestrial Animal Health Code 第 1.3 章逐病核對。","WOAH Terrestrial Animal Health Code https://www.woah.org/en/what-we-do/standards/codes-and-manuals/terrestrial-code-online-access/","待查：實際閱讀並核對日","全球","疾病專頁或舊網頁不等於現行 Listed disease；由動物衛生或 WOAH 聯絡窗口補核。"
"10","M 痘","動物","國內動物疫情活躍度","待查：依主管機關現行資料逐病核對。","疾管署／農業部現行法規與公告入口 https://www.cdc.gov.tw/；https://www.moa.gov.tw/","待查：須記錄實際查詢日","我國","本次未執行逐病互動查詢；待查不代表零。由疾病監測或動物衛生承辦人補，並記錄實際查詢日。"
"10","M 痘","動物","野生動物保毒宿主","本次未蒐集：待查「野生動物保毒宿主」的疾病別證據。","WHO Mpox https://www.who.int/news-room/fact-sheets/detail/mpox","待查：本次未摘錄發布日","待查：依來源實際適用區域標示","時間有限的練習保留完整 22×30 結構；不可把待查改填 0 或推測值。由資料整理人員補查並記錄實際閱讀並核對日。"
"10","M 痘","環境","病媒存在與氣候適生性","本次未蒐集：待查「病媒存在與氣候適生性」的疾病別證據。","WHO Mpox https://www.who.int/news-room/fact-sheets/detail/mpox","待查：本次未摘錄發布日","待查：依來源實際適用區域標示","時間有限的練習保留完整 22×30 結構；不可把待查改填 0 或推測值。由資料整理人員補查並記錄實際閱讀並核對日。"
"10","M 痘","環境","環境存活／持久性","本次未蒐集：待查「環境存活／持久性」的疾病別證據。","WHO Mpox https://www.who.int/news-room/fact-sheets/detail/mpox","待查：本次未摘錄發布日","待查：依來源實際適用區域標示","時間有限的練習保留完整 22×30 結構；不可把待查改填 0 或推測值。由資料整理人員補查並記錄實際閱讀並核對日。"
"10","M 痘","環境","氣候變遷敏感度","本次未蒐集：待查 氣候變遷敏感度 的可比較定義與資料。","WHO Mpox https://www.who.int/news-room/fact-sheets/detail/mpox","待查：本次未摘錄發布日","待查：依來源實際適用區域標示","時間有限的練習保留完整欄位；此格尚未作疾病別查證。由資料整理人員補查並記錄實際閱讀並核對日。"
"10","M 痘","環境","跨境／境外移入風險","本次未蒐集：待查 跨境／境外移入風險 的可比較定義與資料。","WHO Mpox https://www.who.int/news-room/fact-sheets/detail/mpox","待查：本次未摘錄發布日","待查：依來源實際適用區域標示","時間有限的練習保留完整欄位；此格尚未作疾病別查證。由資料整理人員補查並記錄實際閱讀並核對日。"
"10","M 痘","食安與抗藥性","食品鏈傳播關聯","本次未蒐集：待查 食品鏈傳播關聯 的可比較定義與資料。","WHO Mpox https://www.who.int/news-room/fact-sheets/detail/mpox","待查：本次未摘錄發布日","待查：依來源實際適用區域標示","時間有限的練習保留完整欄位；此格尚未作疾病別查證。由資料整理人員補查並記錄實際閱讀並核對日。"
"10","M 痘","食安與抗藥性","抗微生物抗藥性關聯","本次未蒐集：待查 抗微生物抗藥性關聯 的可比較定義與資料。","WHO Mpox https://www.who.int/news-room/fact-sheets/detail/mpox","待查：本次未摘錄發布日","待查：依來源實際適用區域標示","時間有限的練習保留完整欄位；此格尚未作疾病別查證。由資料整理人員補查並記錄實際閱讀並核對日。"
"10","M 痘","食安與抗藥性","食安事件頻率","本次未蒐集：待查 食安事件頻率 的可比較定義與資料。","WHO Mpox https://www.who.int/news-room/fact-sheets/detail/mpox","待查：本次未摘錄發布日","待查：依來源實際適用區域標示","時間有限的練習保留完整欄位；此格尚未作疾病別查證。由資料整理人員補查並記錄實際閱讀並核對日。"
"10","M 痘","防治能力與資源","人用疫苗","本次未蒐集：待查「人用疫苗」的疾病別證據。","WHO Mpox https://www.who.int/news-room/fact-sheets/detail/mpox","待查：本次未摘錄發布日","待查：依來源實際適用區域標示","時間有限的練習保留完整 22×30 結構；不可把待查改填 0 或推測值。由資料整理人員補查並記錄實際閱讀並核對日。"
"10","M 痘","防治能力與資源","動物疫苗","本次未蒐集：待查「動物疫苗」的疾病別證據。","WHO Mpox https://www.who.int/news-room/fact-sheets/detail/mpox","待查：本次未摘錄發布日","待查：依來源實際適用區域標示","時間有限的練習保留完整 22×30 結構；不可把待查改填 0 或推測值。由資料整理人員補查並記錄實際閱讀並核對日。"
"10","M 痘","防治能力與資源","人用有效治療","本次未蒐集：待查「人用有效治療」的疾病別證據。","WHO Mpox https://www.who.int/news-room/fact-sheets/detail/mpox","待查：本次未摘錄發布日","待查：依來源實際適用區域標示","時間有限的練習保留完整 22×30 結構；不可把待查改填 0 或推測值。由資料整理人員補查並記錄實際閱讀並核對日。"
"10","M 痘","防治能力與資源","實驗室診斷能力與資源","本次未蒐集：待查「實驗室診斷能力與資源」的疾病別證據。","WHO Mpox https://www.who.int/news-room/fact-sheets/detail/mpox","待查：本次未摘錄發布日","待查：依來源實際適用區域標示","時間有限的練習保留完整 22×30 結構；不可把待查改填 0 或推測值。由資料整理人員補查並記錄實際閱讀並核對日。"
"10","M 痘","防治能力與資源","兩部門監測能力與資源","待補資料（補齊前不計分）：本次不評核，不能由公開頁面推論兩部門整合能力與資源。","疾管署與農業部官方入口（僅供負責單位循核准流程補件） https://www.cdc.gov.tw/；https://www.moa.gov.tw/","不適用（本次不評核）","我國","2026-09-10 演練討論結果：本次工作坊不使用此欄評分；不宣稱所有能力與資源資料均非公開，只是不以零散公開資訊推定內部整合能力與資源。由疾管署與農業部負責人員依核准流程補。"
"10","M 痘","防治能力與資源","防治可行性（綜合）","本次未蒐集：待查「防治可行性（綜合）」的疾病別證據。","WHO Mpox https://www.who.int/news-room/fact-sheets/detail/mpox","待查：本次未摘錄發布日","待查：依來源實際適用區域標示","時間有限的練習保留完整 22×30 結構；不可把待查改填 0 或推測值。由資料整理人員補查並記錄實際閱讀並核對日。"
"10","M 痘","防治能力與資源","跨部門合作現況","本次未蒐集：待查「跨部門合作現況」的疾病別證據。","WHO Mpox https://www.who.int/news-room/fact-sheets/detail/mpox","待查：本次未摘錄發布日","待查：依來源實際適用區域標示","時間有限的練習保留完整 22×30 結構；不可把待查改填 0 或推測值。由資料整理人員補查並記錄實際閱讀並核對日。"
"10","M 痘","社會安全","生物恐怖／管制病原","本次未蒐集：待查「生物恐怖／管制病原」的疾病別證據。","WHO Mpox https://www.who.int/news-room/fact-sheets/detail/mpox","待查：本次未摘錄發布日","待查：依來源實際適用區域標示","時間有限的練習保留完整 22×30 結構；不可把待查改填 0 或推測值。由資料整理人員補查並記錄實際閱讀並核對日。"
"10","M 痘","社會安全","經濟總負擔","本次未蒐集：待查「經濟總負擔」的疾病別證據。","WHO Mpox https://www.who.int/news-room/fact-sheets/detail/mpox","待查：本次未摘錄發布日","待查：依來源實際適用區域標示","時間有限的練習保留完整 22×30 結構；不可把待查改填 0 或推測值。由資料整理人員補查並記錄實際閱讀並核對日。"
"10","M 痘","社會安全","社會關注／媒體顯著度","本次未蒐集：待查「社會關注／媒體顯著度」的疾病別證據。","WHO Mpox https://www.who.int/news-room/fact-sheets/detail/mpox","待查：本次未摘錄發布日","待查：依來源實際適用區域標示","時間有限的練習保留完整 22×30 結構；不可把待查改填 0 或推測值。由資料整理人員補查並記錄實際閱讀並核對日。"
"10","M 痘","社會安全","職業暴露風險","本次未蒐集：待查「職業暴露風險」的疾病別證據。","WHO Mpox https://www.who.int/news-room/fact-sheets/detail/mpox","待查：本次未摘錄發布日","待查：依來源實際適用區域標示","時間有限的練習保留完整 22×30 結構；不可把待查改填 0 或推測值。由資料整理人員補查並記錄實際閱讀並核對日。"
"11","日本腦炎","人類","人類致死率（未治療）","待查：未治療分母不明；參考：腦炎病例致死率可達 30%，非所有感染者。","WHO Japanese encephalitis https://www.who.int/news-room/fact-sheets/detail/japanese-encephalitis","2024-08-06","全球","已於 2026-09-10 查證此列來源；僅採用頁面直接支持的疾病背景，不推定我國現況。"
"11","日本腦炎","人類","重症或長期失能比例","腦炎病例的永久神經、認知與行為後遺症為 30至50%；不適用所有感染者。","WHO Japanese encephalitis https://www.who.int/news-room/fact-sheets/detail/japanese-encephalitis","2024-08-06","全球","已於 2026-09-10 查證此列來源；僅採用頁面直接支持的疾病背景，不推定我國現況。"
"11","日本腦炎","人類","人類年通報數／發生率","待查：NIDSS 逐病互動查詢，由疾病監測承辦人補。","疾管署 NIDSS 傳染病統計資料查詢系統 https://nidss.cdc.gov.tw/","待查：須記錄實際查詢日","我國","本次未執行逐病互動查詢；待查不代表零。由疾病監測或動物衛生承辦人補，並記錄實際查詢日。"
"11","日本腦炎","人類","人傳人能力","本次未蒐集：待查「人傳人能力」的疾病別證據。","WHO Japanese encephalitis https://www.who.int/news-room/fact-sheets/detail/japanese-encephalitis","2024-08-06","全球","時間有限的練習保留完整 22×30 結構；不可把待查改填 0 或推測值。由資料整理人員補查並記錄實際閱讀並核對日。"
"11","日本腦炎","人類","高風險／易感族群衝擊","多數病例發生於 15 歲以下兒童；我國易感族群另查。","WHO Japanese encephalitis https://www.who.int/news-room/fact-sheets/detail/japanese-encephalitis","2024-08-06","全球","已於 2026-09-10 查證此列來源；僅採用頁面直接支持的疾病背景，不推定我國現況。"
"11","日本腦炎","人類","法定傳染病分類／通報層級","待查：依主管機關現行資料逐病核對。","疾管署／農業部現行法規與公告入口 https://www.cdc.gov.tw/；https://www.moa.gov.tw/","待查：須記錄實際查詢日","我國","本次未執行逐病互動查詢；待查不代表零。由疾病監測或動物衛生承辦人補，並記錄實際查詢日。"
"11","日本腦炎","動物","動物族群致死率","本次未蒐集：待查「動物族群致死率」的疾病別證據。","WHO Japanese encephalitis https://www.who.int/news-room/fact-sheets/detail/japanese-encephalitis","2024-08-06","全球","時間有限的練習保留完整 22×30 結構；不可把待查改填 0 或推測值。由資料整理人員補查並記錄實際閱讀並核對日。"
"11","日本腦炎","動物","畜禽生產衝擊","本次未蒐集：待查「畜禽生產衝擊」的疾病別證據。","WHO Japanese encephalitis https://www.who.int/news-room/fact-sheets/detail/japanese-encephalitis","2024-08-06","全球","時間有限的練習保留完整 22×30 結構；不可把待查改填 0 或推測值。由資料整理人員補查並記錄實際閱讀並核對日。"
"11","日本腦炎","動物","宿主範圍廣度","蚊、豬與野鳥構成重要傳播循環；人為偶然宿主。","WHO Japanese encephalitis https://www.who.int/news-room/fact-sheets/detail/japanese-encephalitis","2024-08-06","全球","已於 2026-09-10 查證此列來源；僅採用頁面直接支持的疾病背景，不推定我國現況。"
"11","日本腦炎","動物","WOAH 通報疾病","待查：依 WOAH Terrestrial Animal Health Code 第 1.3 章逐病核對。","WOAH Terrestrial Animal Health Code https://www.woah.org/en/what-we-do/standards/codes-and-manuals/terrestrial-code-online-access/","待查：實際閱讀並核對日","全球","疾病專頁或舊網頁不等於現行 Listed disease；由動物衛生或 WOAH 聯絡窗口補核。"
"11","日本腦炎","動物","國內動物疫情活躍度","待查：依主管機關現行資料逐病核對。","疾管署／農業部現行法規與公告入口 https://www.cdc.gov.tw/；https://www.moa.gov.tw/","待查：須記錄實際查詢日","我國","本次未執行逐病互動查詢；待查不代表零。由疾病監測或動物衛生承辦人補，並記錄實際查詢日。"
"11","日本腦炎","動物","野生動物保毒宿主","野鳥為脊椎宿主之一；豬是重要增幅宿主。","WHO Japanese encephalitis https://www.who.int/news-room/fact-sheets/detail/japanese-encephalitis","2024-08-06","全球","已於 2026-09-10 查證此列來源；僅採用頁面直接支持的疾病背景，不推定我國現況。"
"11","日本腦炎","環境","病媒存在與氣候適生性","主要由庫蚊（尤其 Culex tritaeniorhynchus）傳播；我國適生性另查。","WHO Japanese encephalitis https://www.who.int/news-room/fact-sheets/detail/japanese-encephalitis","2024-08-06","全球","已於 2026-09-10 查證此列來源；僅採用頁面直接支持的疾病背景，不推定我國現況。"
"11","日本腦炎","環境","環境存活／持久性","本次未蒐集：待查「環境存活／持久性」的疾病別證據。","WHO Japanese encephalitis https://www.who.int/news-room/fact-sheets/detail/japanese-encephalitis","2024-08-06","全球","時間有限的練習保留完整 22×30 結構；不可把待查改填 0 或推測值。由資料整理人員補查並記錄實際閱讀並核對日。"
"11","日本腦炎","環境","氣候變遷敏感度","本次未蒐集：待查 氣候變遷敏感度 的可比較定義與資料。","WHO Japanese encephalitis https://www.who.int/news-room/fact-sheets/detail/japanese-encephalitis","2024-08-06","待查：依來源實際適用區域標示","時間有限的練習保留完整欄位；此格尚未作疾病別查證。由資料整理人員補查並記錄實際閱讀並核對日。"
"11","日本腦炎","環境","跨境／境外移入風險","本次未蒐集：待查 跨境／境外移入風險 的可比較定義與資料。","WHO Japanese encephalitis https://www.who.int/news-room/fact-sheets/detail/japanese-encephalitis","2024-08-06","待查：依來源實際適用區域標示","時間有限的練習保留完整欄位；此格尚未作疾病別查證。由資料整理人員補查並記錄實際閱讀並核對日。"
"11","日本腦炎","食安與抗藥性","食品鏈傳播關聯","本次未蒐集：待查 食品鏈傳播關聯 的可比較定義與資料。","WHO Japanese encephalitis https://www.who.int/news-room/fact-sheets/detail/japanese-encephalitis","2024-08-06","待查：依來源實際適用區域標示","時間有限的練習保留完整欄位；此格尚未作疾病別查證。由資料整理人員補查並記錄實際閱讀並核對日。"
"11","日本腦炎","食安與抗藥性","抗微生物抗藥性關聯","本次未蒐集：待查 抗微生物抗藥性關聯 的可比較定義與資料。","WHO Japanese encephalitis https://www.who.int/news-room/fact-sheets/detail/japanese-encephalitis","2024-08-06","待查：依來源實際適用區域標示","時間有限的練習保留完整欄位；此格尚未作疾病別查證。由資料整理人員補查並記錄實際閱讀並核對日。"
"11","日本腦炎","食安與抗藥性","食安事件頻率","本次未蒐集：待查 食安事件頻率 的可比較定義與資料。","WHO Japanese encephalitis https://www.who.int/news-room/fact-sheets/detail/japanese-encephalitis","2024-08-06","待查：依來源實際適用區域標示","時間有限的練習保留完整欄位；此格尚未作疾病別查證。由資料整理人員補查並記錄實際閱讀並核對日。"
"11","日本腦炎","防治能力與資源","人用疫苗","人用疫苗可用；我國適用對象和政策待查。","WHO Japanese encephalitis https://www.who.int/news-room/fact-sheets/detail/japanese-encephalitis","2024-08-06","全球","已於 2026-09-10 查證此列來源；僅採用頁面直接支持的疾病背景，不推定我國現況。"
"11","日本腦炎","防治能力與資源","動物疫苗","本次未蒐集：待查「動物疫苗」的疾病別證據。","WHO Japanese encephalitis https://www.who.int/news-room/fact-sheets/detail/japanese-encephalitis","2024-08-06","全球","時間有限的練習保留完整 22×30 結構；不可把待查改填 0 或推測值。由資料整理人員補查並記錄實際閱讀並核對日。"
"11","日本腦炎","防治能力與資源","人用有效治療","本次未蒐集：待查「人用有效治療」的疾病別證據。","WHO Japanese encephalitis https://www.who.int/news-room/fact-sheets/detail/japanese-encephalitis","2024-08-06","全球","時間有限的練習保留完整 22×30 結構；不可把待查改填 0 或推測值。由資料整理人員補查並記錄實際閱讀並核對日。"
"11","日本腦炎","防治能力與資源","實驗室診斷能力與資源","本次未蒐集：待查「實驗室診斷能力與資源」的疾病別證據。","WHO Japanese encephalitis https://www.who.int/news-room/fact-sheets/detail/japanese-encephalitis","2024-08-06","全球","時間有限的練習保留完整 22×30 結構；不可把待查改填 0 或推測值。由資料整理人員補查並記錄實際閱讀並核對日。"
"11","日本腦炎","防治能力與資源","兩部門監測能力與資源","待補資料（補齊前不計分）：本次不評核，不能由公開頁面推論兩部門整合能力與資源。","疾管署與農業部官方入口（僅供負責單位循核准流程補件） https://www.cdc.gov.tw/；https://www.moa.gov.tw/","不適用（本次不評核）","我國","2026-09-10 演練討論結果：本次工作坊不使用此欄評分；不宣稱所有能力與資源資料均非公開，只是不以零散公開資訊推定內部整合能力與資源。由疾管署與農業部負責人員依核准流程補。"
"11","日本腦炎","防治能力與資源","防治可行性（綜合）","人用疫苗與減少蚊蟲叮咬；我國病媒措施待查。","WHO Japanese encephalitis https://www.who.int/news-room/fact-sheets/detail/japanese-encephalitis","2024-08-06","全球","已於 2026-09-10 查證此列來源；僅採用頁面直接支持的疾病背景，不推定我國現況。"
"11","日本腦炎","防治能力與資源","跨部門合作現況","本次未蒐集：待查「跨部門合作現況」的疾病別證據。","WHO Japanese encephalitis https://www.who.int/news-room/fact-sheets/detail/japanese-encephalitis","2024-08-06","全球","時間有限的練習保留完整 22×30 結構；不可把待查改填 0 或推測值。由資料整理人員補查並記錄實際閱讀並核對日。"
"11","日本腦炎","社會安全","生物恐怖／管制病原","本次未蒐集：待查「生物恐怖／管制病原」的疾病別證據。","WHO Japanese encephalitis https://www.who.int/news-room/fact-sheets/detail/japanese-encephalitis","2024-08-06","全球","時間有限的練習保留完整 22×30 結構；不可把待查改填 0 或推測值。由資料整理人員補查並記錄實際閱讀並核對日。"
"11","日本腦炎","社會安全","經濟總負擔","本次未蒐集：待查「經濟總負擔」的疾病別證據。","WHO Japanese encephalitis https://www.who.int/news-room/fact-sheets/detail/japanese-encephalitis","2024-08-06","全球","時間有限的練習保留完整 22×30 結構；不可把待查改填 0 或推測值。由資料整理人員補查並記錄實際閱讀並核對日。"
"11","日本腦炎","社會安全","社會關注／媒體顯著度","本次未蒐集：待查「社會關注／媒體顯著度」的疾病別證據。","WHO Japanese encephalitis https://www.who.int/news-room/fact-sheets/detail/japanese-encephalitis","2024-08-06","全球","時間有限的練習保留完整 22×30 結構；不可把待查改填 0 或推測值。由資料整理人員補查並記錄實際閱讀並核對日。"
"11","日本腦炎","社會安全","職業暴露風險","本次未蒐集：待查「職業暴露風險」的疾病別證據。","WHO Japanese encephalitis https://www.who.int/news-room/fact-sheets/detail/japanese-encephalitis","2024-08-06","全球","時間有限的練習保留完整 22×30 結構；不可把待查改填 0 或推測值。由資料整理人員補查並記錄實際閱讀並核對日。"
"12","牛結核病（M. bovis）","人類","人類致死率（未治療）","本次未蒐集：待查「人類致死率（未治療）」的疾病別證據。","WHO Roadmap for zoonotic tuberculosis https://www.who.int/publications/i/item/9789241513043","待查：本次未摘錄發布日","待查：依來源實際適用區域標示","時間有限的練習保留完整 22×30 結構；不可把待查改填 0 或推測值。由資料整理人員補查並記錄實際閱讀並核對日。"
"12","牛結核病（M. bovis）","人類","重症或長期失能比例","本次未蒐集：待查「重症或長期失能比例」的疾病別證據。","WHO Roadmap for zoonotic tuberculosis https://www.who.int/publications/i/item/9789241513043","待查：本次未摘錄發布日","待查：依來源實際適用區域標示","時間有限的練習保留完整 22×30 結構；不可把待查改填 0 或推測值。由資料整理人員補查並記錄實際閱讀並核對日。"
"12","牛結核病（M. bovis）","人類","人類年通報數／發生率","待查：NIDSS 逐病互動查詢，由疾病監測承辦人補。","疾管署 NIDSS 傳染病統計資料查詢系統 https://nidss.cdc.gov.tw/","待查：須記錄實際查詢日","我國","本次未執行逐病互動查詢；待查不代表零。由疾病監測或動物衛生承辦人補，並記錄實際查詢日。"
"12","牛結核病（M. bovis）","人類","人傳人能力","本次未蒐集：待查「人傳人能力」的疾病別證據。","WHO Roadmap for zoonotic tuberculosis https://www.who.int/publications/i/item/9789241513043","待查：本次未摘錄發布日","待查：依來源實際適用區域標示","時間有限的練習保留完整 22×30 結構；不可把待查改填 0 或推測值。由資料整理人員補查並記錄實際閱讀並核對日。"
"12","牛結核病（M. bovis）","人類","高風險／易感族群衝擊","本次未蒐集：待查「高風險／易感族群衝擊」的疾病別證據。","WHO Roadmap for zoonotic tuberculosis https://www.who.int/publications/i/item/9789241513043","待查：本次未摘錄發布日","待查：依來源實際適用區域標示","時間有限的練習保留完整 22×30 結構；不可把待查改填 0 或推測值。由資料整理人員補查並記錄實際閱讀並核對日。"
"12","牛結核病（M. bovis）","人類","法定傳染病分類／通報層級","待查：依主管機關現行資料逐病核對。","疾管署／農業部現行法規與公告入口 https://www.cdc.gov.tw/；https://www.moa.gov.tw/","待查：須記錄實際查詢日","我國","本次未執行逐病互動查詢；待查不代表零。由疾病監測或動物衛生承辦人補，並記錄實際查詢日。"
"12","牛結核病（M. bovis）","動物","動物族群致死率","本次未蒐集：待查「動物族群致死率」的疾病別證據。","WHO Roadmap for zoonotic tuberculosis https://www.who.int/publications/i/item/9789241513043","待查：本次未摘錄發布日","待查：依來源實際適用區域標示","時間有限的練習保留完整 22×30 結構；不可把待查改填 0 或推測值。由資料整理人員補查並記錄實際閱讀並核對日。"
"12","牛結核病（M. bovis）","動物","畜禽生產衝擊","本次未蒐集：待查「畜禽生產衝擊」的疾病別證據。","WHO Roadmap for zoonotic tuberculosis https://www.who.int/publications/i/item/9789241513043","待查：本次未摘錄發布日","待查：依來源實際適用區域標示","時間有限的練習保留完整 22×30 結構；不可把待查改填 0 或推測值。由資料整理人員補查並記錄實際閱讀並核對日。"
"12","牛結核病（M. bovis）","動物","宿主範圍廣度","本次未蒐集：待查「宿主範圍廣度」的疾病別證據。","WHO Roadmap for zoonotic tuberculosis https://www.who.int/publications/i/item/9789241513043","待查：本次未摘錄發布日","待查：依來源實際適用區域標示","時間有限的練習保留完整 22×30 結構；不可把待查改填 0 或推測值。由資料整理人員補查並記錄實際閱讀並核對日。"
"12","牛結核病（M. bovis）","動物","WOAH 通報疾病","待查：依 WOAH Terrestrial Animal Health Code 第 1.3 章逐病核對。","WOAH Terrestrial Animal Health Code https://www.woah.org/en/what-we-do/standards/codes-and-manuals/terrestrial-code-online-access/","待查：實際閱讀並核對日","全球","疾病專頁或舊網頁不等於現行 Listed disease；由動物衛生或 WOAH 聯絡窗口補核。"
"12","牛結核病（M. bovis）","動物","國內動物疫情活躍度","待查：依主管機關現行資料逐病核對。","疾管署／農業部現行法規與公告入口 https://www.cdc.gov.tw/；https://www.moa.gov.tw/","待查：須記錄實際查詢日","我國","本次未執行逐病互動查詢；待查不代表零。由疾病監測或動物衛生承辦人補，並記錄實際查詢日。"
"12","牛結核病（M. bovis）","動物","野生動物保毒宿主","本次未蒐集：待查「野生動物保毒宿主」的疾病別證據。","WHO Roadmap for zoonotic tuberculosis https://www.who.int/publications/i/item/9789241513043","待查：本次未摘錄發布日","待查：依來源實際適用區域標示","時間有限的練習保留完整 22×30 結構；不可把待查改填 0 或推測值。由資料整理人員補查並記錄實際閱讀並核對日。"
"12","牛結核病（M. bovis）","環境","病媒存在與氣候適生性","本次未蒐集：待查「病媒存在與氣候適生性」的疾病別證據。","WHO Roadmap for zoonotic tuberculosis https://www.who.int/publications/i/item/9789241513043","待查：本次未摘錄發布日","待查：依來源實際適用區域標示","時間有限的練習保留完整 22×30 結構；不可把待查改填 0 或推測值。由資料整理人員補查並記錄實際閱讀並核對日。"
"12","牛結核病（M. bovis）","環境","環境存活／持久性","本次未蒐集：待查「環境存活／持久性」的疾病別證據。","WHO Roadmap for zoonotic tuberculosis https://www.who.int/publications/i/item/9789241513043","待查：本次未摘錄發布日","待查：依來源實際適用區域標示","時間有限的練習保留完整 22×30 結構；不可把待查改填 0 或推測值。由資料整理人員補查並記錄實際閱讀並核對日。"
"12","牛結核病（M. bovis）","環境","氣候變遷敏感度","本次未蒐集：待查 氣候變遷敏感度 的可比較定義與資料。","WHO Roadmap for zoonotic tuberculosis https://www.who.int/publications/i/item/9789241513043","待查：本次未摘錄發布日","待查：依來源實際適用區域標示","時間有限的練習保留完整欄位；此格尚未作疾病別查證。由資料整理人員補查並記錄實際閱讀並核對日。"
"12","牛結核病（M. bovis）","環境","跨境／境外移入風險","本次未蒐集：待查 跨境／境外移入風險 的可比較定義與資料。","WHO Roadmap for zoonotic tuberculosis https://www.who.int/publications/i/item/9789241513043","待查：本次未摘錄發布日","待查：依來源實際適用區域標示","時間有限的練習保留完整欄位；此格尚未作疾病別查證。由資料整理人員補查並記錄實際閱讀並核對日。"
"12","牛結核病（M. bovis）","食安與抗藥性","食品鏈傳播關聯","本次未蒐集：待查 食品鏈傳播關聯 的可比較定義與資料。","WHO Roadmap for zoonotic tuberculosis https://www.who.int/publications/i/item/9789241513043","待查：本次未摘錄發布日","待查：依來源實際適用區域標示","時間有限的練習保留完整欄位；此格尚未作疾病別查證。由資料整理人員補查並記錄實際閱讀並核對日。"
"12","牛結核病（M. bovis）","食安與抗藥性","抗微生物抗藥性關聯","本次未蒐集：待查 抗微生物抗藥性關聯 的可比較定義與資料。","WHO Roadmap for zoonotic tuberculosis https://www.who.int/publications/i/item/9789241513043","待查：本次未摘錄發布日","待查：依來源實際適用區域標示","時間有限的練習保留完整欄位；此格尚未作疾病別查證。由資料整理人員補查並記錄實際閱讀並核對日。"
"12","牛結核病（M. bovis）","食安與抗藥性","食安事件頻率","本次未蒐集：待查 食安事件頻率 的可比較定義與資料。","WHO Roadmap for zoonotic tuberculosis https://www.who.int/publications/i/item/9789241513043","待查：本次未摘錄發布日","待查：依來源實際適用區域標示","時間有限的練習保留完整欄位；此格尚未作疾病別查證。由資料整理人員補查並記錄實際閱讀並核對日。"
"12","牛結核病（M. bovis）","防治能力與資源","人用疫苗","本次未蒐集：待查「人用疫苗」的疾病別證據。","WHO Roadmap for zoonotic tuberculosis https://www.who.int/publications/i/item/9789241513043","待查：本次未摘錄發布日","待查：依來源實際適用區域標示","時間有限的練習保留完整 22×30 結構；不可把待查改填 0 或推測值。由資料整理人員補查並記錄實際閱讀並核對日。"
"12","牛結核病（M. bovis）","防治能力與資源","動物疫苗","本次未蒐集：待查「動物疫苗」的疾病別證據。","WHO Roadmap for zoonotic tuberculosis https://www.who.int/publications/i/item/9789241513043","待查：本次未摘錄發布日","待查：依來源實際適用區域標示","時間有限的練習保留完整 22×30 結構；不可把待查改填 0 或推測值。由資料整理人員補查並記錄實際閱讀並核對日。"
"12","牛結核病（M. bovis）","防治能力與資源","人用有效治療","本次未蒐集：待查「人用有效治療」的疾病別證據。","WHO Roadmap for zoonotic tuberculosis https://www.who.int/publications/i/item/9789241513043","待查：本次未摘錄發布日","待查：依來源實際適用區域標示","時間有限的練習保留完整 22×30 結構；不可把待查改填 0 或推測值。由資料整理人員補查並記錄實際閱讀並核對日。"
"12","牛結核病（M. bovis）","防治能力與資源","實驗室診斷能力與資源","本次未蒐集：待查「實驗室診斷能力與資源」的疾病別證據。","WHO Roadmap for zoonotic tuberculosis https://www.who.int/publications/i/item/9789241513043","待查：本次未摘錄發布日","待查：依來源實際適用區域標示","時間有限的練習保留完整 22×30 結構；不可把待查改填 0 或推測值。由資料整理人員補查並記錄實際閱讀並核對日。"
"12","牛結核病（M. bovis）","防治能力與資源","兩部門監測能力與資源","待補資料（補齊前不計分）：本次不評核，不能由公開頁面推論兩部門整合能力與資源。","疾管署與農業部官方入口（僅供負責單位循核准流程補件） https://www.cdc.gov.tw/；https://www.moa.gov.tw/","不適用（本次不評核）","我國","2026-09-10 演練討論結果：本次工作坊不使用此欄評分；不宣稱所有能力與資源資料均非公開，只是不以零散公開資訊推定內部整合能力與資源。由疾管署與農業部負責人員依核准流程補。"
"12","牛結核病（M. bovis）","防治能力與資源","防治可行性（綜合）","本次未蒐集：待查「防治可行性（綜合）」的疾病別證據。","WHO Roadmap for zoonotic tuberculosis https://www.who.int/publications/i/item/9789241513043","待查：本次未摘錄發布日","待查：依來源實際適用區域標示","時間有限的練習保留完整 22×30 結構；不可把待查改填 0 或推測值。由資料整理人員補查並記錄實際閱讀並核對日。"
"12","牛結核病（M. bovis）","防治能力與資源","跨部門合作現況","本次未蒐集：待查「跨部門合作現況」的疾病別證據。","WHO Roadmap for zoonotic tuberculosis https://www.who.int/publications/i/item/9789241513043","待查：本次未摘錄發布日","待查：依來源實際適用區域標示","時間有限的練習保留完整 22×30 結構；不可把待查改填 0 或推測值。由資料整理人員補查並記錄實際閱讀並核對日。"
"12","牛結核病（M. bovis）","社會安全","生物恐怖／管制病原","本次未蒐集：待查「生物恐怖／管制病原」的疾病別證據。","WHO Roadmap for zoonotic tuberculosis https://www.who.int/publications/i/item/9789241513043","待查：本次未摘錄發布日","待查：依來源實際適用區域標示","時間有限的練習保留完整 22×30 結構；不可把待查改填 0 或推測值。由資料整理人員補查並記錄實際閱讀並核對日。"
"12","牛結核病（M. bovis）","社會安全","經濟總負擔","本次未蒐集：待查「經濟總負擔」的疾病別證據。","WHO Roadmap for zoonotic tuberculosis https://www.who.int/publications/i/item/9789241513043","待查：本次未摘錄發布日","待查：依來源實際適用區域標示","時間有限的練習保留完整 22×30 結構；不可把待查改填 0 或推測值。由資料整理人員補查並記錄實際閱讀並核對日。"
"12","牛結核病（M. bovis）","社會安全","社會關注／媒體顯著度","本次未蒐集：待查「社會關注／媒體顯著度」的疾病別證據。","WHO Roadmap for zoonotic tuberculosis https://www.who.int/publications/i/item/9789241513043","待查：本次未摘錄發布日","待查：依來源實際適用區域標示","時間有限的練習保留完整 22×30 結構；不可把待查改填 0 或推測值。由資料整理人員補查並記錄實際閱讀並核對日。"
"12","牛結核病（M. bovis）","社會安全","職業暴露風險","本次未蒐集：待查「職業暴露風險」的疾病別證據。","WHO Roadmap for zoonotic tuberculosis https://www.who.int/publications/i/item/9789241513043","待查：本次未摘錄發布日","待查：依來源實際適用區域標示","時間有限的練習保留完整 22×30 結構；不可把待查改填 0 或推測值。由資料整理人員補查並記錄實際閱讀並核對日。"
"13","急性病毒性 E 型肝炎","人類","人類致死率（未治療）","本次未蒐集：待查「人類致死率（未治療）」的疾病別證據。","WHO Hepatitis E https://www.who.int/news-room/fact-sheets/detail/hepatitis-e","待查：本次未摘錄發布日","待查：依來源實際適用區域標示","時間有限的練習保留完整 22×30 結構；不可把待查改填 0 或推測值。由資料整理人員補查並記錄實際閱讀並核對日。"
"13","急性病毒性 E 型肝炎","人類","重症或長期失能比例","本次未蒐集：待查「重症或長期失能比例」的疾病別證據。","WHO Hepatitis E https://www.who.int/news-room/fact-sheets/detail/hepatitis-e","待查：本次未摘錄發布日","待查：依來源實際適用區域標示","時間有限的練習保留完整 22×30 結構；不可把待查改填 0 或推測值。由資料整理人員補查並記錄實際閱讀並核對日。"
"13","急性病毒性 E 型肝炎","人類","人類年通報數／發生率","待查：NIDSS 逐病互動查詢，由疾病監測承辦人補。","疾管署 NIDSS 傳染病統計資料查詢系統 https://nidss.cdc.gov.tw/","待查：須記錄實際查詢日","我國","本次未執行逐病互動查詢；待查不代表零。由疾病監測或動物衛生承辦人補，並記錄實際查詢日。"
"13","急性病毒性 E 型肝炎","人類","人傳人能力","本次未蒐集：待查「人傳人能力」的疾病別證據。","WHO Hepatitis E https://www.who.int/news-room/fact-sheets/detail/hepatitis-e","待查：本次未摘錄發布日","待查：依來源實際適用區域標示","時間有限的練習保留完整 22×30 結構；不可把待查改填 0 或推測值。由資料整理人員補查並記錄實際閱讀並核對日。"
"13","急性病毒性 E 型肝炎","人類","高風險／易感族群衝擊","本次未蒐集：待查「高風險／易感族群衝擊」的疾病別證據。","WHO Hepatitis E https://www.who.int/news-room/fact-sheets/detail/hepatitis-e","待查：本次未摘錄發布日","待查：依來源實際適用區域標示","時間有限的練習保留完整 22×30 結構；不可把待查改填 0 或推測值。由資料整理人員補查並記錄實際閱讀並核對日。"
"13","急性病毒性 E 型肝炎","人類","法定傳染病分類／通報層級","待查：依主管機關現行資料逐病核對。","疾管署／農業部現行法規與公告入口 https://www.cdc.gov.tw/；https://www.moa.gov.tw/","待查：須記錄實際查詢日","我國","本次未執行逐病互動查詢；待查不代表零。由疾病監測或動物衛生承辦人補，並記錄實際查詢日。"
"13","急性病毒性 E 型肝炎","動物","動物族群致死率","本次未蒐集：待查「動物族群致死率」的疾病別證據。","WHO Hepatitis E https://www.who.int/news-room/fact-sheets/detail/hepatitis-e","待查：本次未摘錄發布日","待查：依來源實際適用區域標示","時間有限的練習保留完整 22×30 結構；不可把待查改填 0 或推測值。由資料整理人員補查並記錄實際閱讀並核對日。"
"13","急性病毒性 E 型肝炎","動物","畜禽生產衝擊","本次未蒐集：待查「畜禽生產衝擊」的疾病別證據。","WHO Hepatitis E https://www.who.int/news-room/fact-sheets/detail/hepatitis-e","待查：本次未摘錄發布日","待查：依來源實際適用區域標示","時間有限的練習保留完整 22×30 結構；不可把待查改填 0 或推測值。由資料整理人員補查並記錄實際閱讀並核對日。"
"13","急性病毒性 E 型肝炎","動物","宿主範圍廣度","本次未蒐集：待查「宿主範圍廣度」的疾病別證據。","WHO Hepatitis E https://www.who.int/news-room/fact-sheets/detail/hepatitis-e","待查：本次未摘錄發布日","待查：依來源實際適用區域標示","時間有限的練習保留完整 22×30 結構；不可把待查改填 0 或推測值。由資料整理人員補查並記錄實際閱讀並核對日。"
"13","急性病毒性 E 型肝炎","動物","WOAH 通報疾病","待查：依 WOAH Terrestrial Animal Health Code 第 1.3 章逐病核對。","WOAH Terrestrial Animal Health Code https://www.woah.org/en/what-we-do/standards/codes-and-manuals/terrestrial-code-online-access/","待查：實際閱讀並核對日","全球","疾病專頁或舊網頁不等於現行 Listed disease；由動物衛生或 WOAH 聯絡窗口補核。"
"13","急性病毒性 E 型肝炎","動物","國內動物疫情活躍度","待查：依主管機關現行資料逐病核對。","疾管署／農業部現行法規與公告入口 https://www.cdc.gov.tw/；https://www.moa.gov.tw/","待查：須記錄實際查詢日","我國","本次未執行逐病互動查詢；待查不代表零。由疾病監測或動物衛生承辦人補，並記錄實際查詢日。"
"13","急性病毒性 E 型肝炎","動物","野生動物保毒宿主","本次未蒐集：待查「野生動物保毒宿主」的疾病別證據。","WHO Hepatitis E https://www.who.int/news-room/fact-sheets/detail/hepatitis-e","待查：本次未摘錄發布日","待查：依來源實際適用區域標示","時間有限的練習保留完整 22×30 結構；不可把待查改填 0 或推測值。由資料整理人員補查並記錄實際閱讀並核對日。"
"13","急性病毒性 E 型肝炎","環境","病媒存在與氣候適生性","本次未蒐集：待查「病媒存在與氣候適生性」的疾病別證據。","WHO Hepatitis E https://www.who.int/news-room/fact-sheets/detail/hepatitis-e","待查：本次未摘錄發布日","待查：依來源實際適用區域標示","時間有限的練習保留完整 22×30 結構；不可把待查改填 0 或推測值。由資料整理人員補查並記錄實際閱讀並核對日。"
"13","急性病毒性 E 型肝炎","環境","環境存活／持久性","本次未蒐集：待查「環境存活／持久性」的疾病別證據。","WHO Hepatitis E https://www.who.int/news-room/fact-sheets/detail/hepatitis-e","待查：本次未摘錄發布日","待查：依來源實際適用區域標示","時間有限的練習保留完整 22×30 結構；不可把待查改填 0 或推測值。由資料整理人員補查並記錄實際閱讀並核對日。"
"13","急性病毒性 E 型肝炎","環境","氣候變遷敏感度","本次未蒐集：待查 氣候變遷敏感度 的可比較定義與資料。","WHO Hepatitis E https://www.who.int/news-room/fact-sheets/detail/hepatitis-e","待查：本次未摘錄發布日","待查：依來源實際適用區域標示","時間有限的練習保留完整欄位；此格尚未作疾病別查證。由資料整理人員補查並記錄實際閱讀並核對日。"
"13","急性病毒性 E 型肝炎","環境","跨境／境外移入風險","本次未蒐集：待查 跨境／境外移入風險 的可比較定義與資料。","WHO Hepatitis E https://www.who.int/news-room/fact-sheets/detail/hepatitis-e","待查：本次未摘錄發布日","待查：依來源實際適用區域標示","時間有限的練習保留完整欄位；此格尚未作疾病別查證。由資料整理人員補查並記錄實際閱讀並核對日。"
"13","急性病毒性 E 型肝炎","食安與抗藥性","食品鏈傳播關聯","本次未蒐集：待查 食品鏈傳播關聯 的可比較定義與資料。","WHO Hepatitis E https://www.who.int/news-room/fact-sheets/detail/hepatitis-e","待查：本次未摘錄發布日","待查：依來源實際適用區域標示","時間有限的練習保留完整欄位；此格尚未作疾病別查證。由資料整理人員補查並記錄實際閱讀並核對日。"
"13","急性病毒性 E 型肝炎","食安與抗藥性","抗微生物抗藥性關聯","本次未蒐集：待查 抗微生物抗藥性關聯 的可比較定義與資料。","WHO Hepatitis E https://www.who.int/news-room/fact-sheets/detail/hepatitis-e","待查：本次未摘錄發布日","待查：依來源實際適用區域標示","時間有限的練習保留完整欄位；此格尚未作疾病別查證。由資料整理人員補查並記錄實際閱讀並核對日。"
"13","急性病毒性 E 型肝炎","食安與抗藥性","食安事件頻率","本次未蒐集：待查 食安事件頻率 的可比較定義與資料。","WHO Hepatitis E https://www.who.int/news-room/fact-sheets/detail/hepatitis-e","待查：本次未摘錄發布日","待查：依來源實際適用區域標示","時間有限的練習保留完整欄位；此格尚未作疾病別查證。由資料整理人員補查並記錄實際閱讀並核對日。"
"13","急性病毒性 E 型肝炎","防治能力與資源","人用疫苗","本次未蒐集：待查「人用疫苗」的疾病別證據。","WHO Hepatitis E https://www.who.int/news-room/fact-sheets/detail/hepatitis-e","待查：本次未摘錄發布日","待查：依來源實際適用區域標示","時間有限的練習保留完整 22×30 結構；不可把待查改填 0 或推測值。由資料整理人員補查並記錄實際閱讀並核對日。"
"13","急性病毒性 E 型肝炎","防治能力與資源","動物疫苗","本次未蒐集：待查「動物疫苗」的疾病別證據。","WHO Hepatitis E https://www.who.int/news-room/fact-sheets/detail/hepatitis-e","待查：本次未摘錄發布日","待查：依來源實際適用區域標示","時間有限的練習保留完整 22×30 結構；不可把待查改填 0 或推測值。由資料整理人員補查並記錄實際閱讀並核對日。"
"13","急性病毒性 E 型肝炎","防治能力與資源","人用有效治療","本次未蒐集：待查「人用有效治療」的疾病別證據。","WHO Hepatitis E https://www.who.int/news-room/fact-sheets/detail/hepatitis-e","待查：本次未摘錄發布日","待查：依來源實際適用區域標示","時間有限的練習保留完整 22×30 結構；不可把待查改填 0 或推測值。由資料整理人員補查並記錄實際閱讀並核對日。"
"13","急性病毒性 E 型肝炎","防治能力與資源","實驗室診斷能力與資源","本次未蒐集：待查「實驗室診斷能力與資源」的疾病別證據。","WHO Hepatitis E https://www.who.int/news-room/fact-sheets/detail/hepatitis-e","待查：本次未摘錄發布日","待查：依來源實際適用區域標示","時間有限的練習保留完整 22×30 結構；不可把待查改填 0 或推測值。由資料整理人員補查並記錄實際閱讀並核對日。"
"13","急性病毒性 E 型肝炎","防治能力與資源","兩部門監測能力與資源","待補資料（補齊前不計分）：本次不評核，不能由公開頁面推論兩部門整合能力與資源。","疾管署與農業部官方入口（僅供負責單位循核准流程補件） https://www.cdc.gov.tw/；https://www.moa.gov.tw/","不適用（本次不評核）","我國","2026-09-10 演練討論結果：本次工作坊不使用此欄評分；不宣稱所有能力與資源資料均非公開，只是不以零散公開資訊推定內部整合能力與資源。由疾管署與農業部負責人員依核准流程補。"
"13","急性病毒性 E 型肝炎","防治能力與資源","防治可行性（綜合）","本次未蒐集：待查「防治可行性（綜合）」的疾病別證據。","WHO Hepatitis E https://www.who.int/news-room/fact-sheets/detail/hepatitis-e","待查：本次未摘錄發布日","待查：依來源實際適用區域標示","時間有限的練習保留完整 22×30 結構；不可把待查改填 0 或推測值。由資料整理人員補查並記錄實際閱讀並核對日。"
"13","急性病毒性 E 型肝炎","防治能力與資源","跨部門合作現況","本次未蒐集：待查「跨部門合作現況」的疾病別證據。","WHO Hepatitis E https://www.who.int/news-room/fact-sheets/detail/hepatitis-e","待查：本次未摘錄發布日","待查：依來源實際適用區域標示","時間有限的練習保留完整 22×30 結構；不可把待查改填 0 或推測值。由資料整理人員補查並記錄實際閱讀並核對日。"
"13","急性病毒性 E 型肝炎","社會安全","生物恐怖／管制病原","本次未蒐集：待查「生物恐怖／管制病原」的疾病別證據。","WHO Hepatitis E https://www.who.int/news-room/fact-sheets/detail/hepatitis-e","待查：本次未摘錄發布日","待查：依來源實際適用區域標示","時間有限的練習保留完整 22×30 結構；不可把待查改填 0 或推測值。由資料整理人員補查並記錄實際閱讀並核對日。"
"13","急性病毒性 E 型肝炎","社會安全","經濟總負擔","本次未蒐集：待查「經濟總負擔」的疾病別證據。","WHO Hepatitis E https://www.who.int/news-room/fact-sheets/detail/hepatitis-e","待查：本次未摘錄發布日","待查：依來源實際適用區域標示","時間有限的練習保留完整 22×30 結構；不可把待查改填 0 或推測值。由資料整理人員補查並記錄實際閱讀並核對日。"
"13","急性病毒性 E 型肝炎","社會安全","社會關注／媒體顯著度","本次未蒐集：待查「社會關注／媒體顯著度」的疾病別證據。","WHO Hepatitis E https://www.who.int/news-room/fact-sheets/detail/hepatitis-e","待查：本次未摘錄發布日","待查：依來源實際適用區域標示","時間有限的練習保留完整 22×30 結構；不可把待查改填 0 或推測值。由資料整理人員補查並記錄實際閱讀並核對日。"
"13","急性病毒性 E 型肝炎","社會安全","職業暴露風險","本次未蒐集：待查「職業暴露風險」的疾病別證據。","WHO Hepatitis E https://www.who.int/news-room/fact-sheets/detail/hepatitis-e","待查：本次未摘錄發布日","待查：依來源實際適用區域標示","時間有限的練習保留完整 22×30 結構；不可把待查改填 0 或推測值。由資料整理人員補查並記錄實際閱讀並核對日。"
"14","鉤端螺旋體病","人類","人類致死率（未治療）","待查：未治療致死率未取得符合定義的分母；不得以重症比例或重症 CFR 代填。","US CDC Yellow Book: Leptospirosis https://www.cdc.gov/yellow-book/hcp/travel-associated-infections-diseases/leptospirosis.html","待查：本次未摘錄發布日","美國／旅遊與一般疾病背景；不代表我國現況","已於 2026-09-10 查證此列來源；僅採用頁面直接支持的疾病背景，不推定我國現況。"
"14","鉤端螺旋體病","人類","重症或長期失能比例","重症約占病例 5至10%，重症病死率約 5至15%；兩者分母不同。","US CDC Yellow Book: Leptospirosis https://www.cdc.gov/yellow-book/hcp/travel-associated-infections-diseases/leptospirosis.html","待查：本次未摘錄發布日","美國／旅遊與一般疾病背景；不代表我國現況","已於 2026-09-10 查證此列來源；僅採用頁面直接支持的疾病背景，不推定我國現況。"
"14","鉤端螺旋體病","人類","人類年通報數／發生率","待查：NIDSS 逐病互動查詢，由疾病監測承辦人補。","疾管署 NIDSS 傳染病統計資料查詢系統 https://nidss.cdc.gov.tw/","待查：須記錄實際查詢日","我國","本次未執行逐病互動查詢；待查不代表零。由疾病監測或動物衛生承辦人補，並記錄實際查詢日。"
"14","鉤端螺旋體病","人類","人傳人能力","通常不以人傳人傳播。","US CDC About Leptospirosis https://www.cdc.gov/leptospirosis/about/index.html","待查：本次未摘錄發布日","美國／旅遊與一般疾病背景；不代表我國現況","已於 2026-09-10 查證此列來源；僅採用頁面直接支持的疾病背景，不推定我國現況。"
"14","鉤端螺旋體病","人類","高風險／易感族群衝擊","接觸受感染動物尿液污染水或土壤者；洪水與職業暴露需分開查。","US CDC About Leptospirosis https://www.cdc.gov/leptospirosis/about/index.html","待查：本次未摘錄發布日","美國／旅遊與一般疾病背景；不代表我國現況","已於 2026-09-10 查證此列來源；僅採用頁面直接支持的疾病背景，不推定我國現況。"
"14","鉤端螺旋體病","人類","法定傳染病分類／通報層級","待查：依主管機關現行資料逐病核對。","疾管署／農業部現行法規與公告入口 https://www.cdc.gov.tw/；https://www.moa.gov.tw/","待查：須記錄實際查詢日","我國","本次未執行逐病互動查詢；待查不代表零。由疾病監測或動物衛生承辦人補，並記錄實際查詢日。"
"14","鉤端螺旋體病","動物","動物族群致死率","動物多為無症狀帶菌，特定物種臨床嚴重度待查。","US CDC About Leptospirosis https://www.cdc.gov/leptospirosis/about/index.html","待查：本次未摘錄發布日","美國／旅遊與一般疾病背景；不代表我國現況","已於 2026-09-10 查證此列來源；僅採用頁面直接支持的疾病背景，不推定我國現況。"
"14","鉤端螺旋體病","動物","畜禽生產衝擊","待查：畜牧生產損失與我國情境。","US CDC About Leptospirosis https://www.cdc.gov/leptospirosis/about/index.html","待查：本次未摘錄發布日","美國／旅遊與一般疾病背景；不代表我國現況","已於 2026-09-10 查證此列來源；僅採用頁面直接支持的疾病背景，不推定我國現況。"
"14","鉤端螺旋體病","動物","宿主範圍廣度","多種哺乳類可感染；鼠類常為重要保菌宿主。","US CDC About Leptospirosis https://www.cdc.gov/leptospirosis/about/index.html","待查：本次未摘錄發布日","美國／旅遊與一般疾病背景；不代表我國現況","已於 2026-09-10 查證此列來源；僅採用頁面直接支持的疾病背景，不推定我國現況。"
"14","鉤端螺旋體病","動物","WOAH 通報疾病","待查：依 WOAH Terrestrial Animal Health Code 第 1.3 章逐病核對。","WOAH Terrestrial Animal Health Code https://www.woah.org/en/what-we-do/standards/codes-and-manuals/terrestrial-code-online-access/","待查：實際閱讀並核對日","全球","疾病專頁或舊網頁不等於現行 Listed disease；由動物衛生或 WOAH 聯絡窗口補核。"
"14","鉤端螺旋體病","動物","國內動物疫情活躍度","待查：依主管機關現行資料逐病核對。","疾管署／農業部現行法規與公告入口 https://www.cdc.gov.tw/；https://www.moa.gov.tw/","待查：須記錄實際查詢日","我國","本次未執行逐病互動查詢；待查不代表零。由疾病監測或動物衛生承辦人補，並記錄實際查詢日。"
"14","鉤端螺旋體病","動物","野生動物保毒宿主","鼠類與其他哺乳類可經尿液排菌；各地物種待查。","US CDC About Leptospirosis https://www.cdc.gov/leptospirosis/about/index.html","待查：本次未摘錄發布日","美國／旅遊與一般疾病背景；不代表我國現況","已於 2026-09-10 查證此列來源；僅採用頁面直接支持的疾病背景，不推定我國現況。"
"14","鉤端螺旋體病","環境","病媒存在與氣候適生性","非典型節肢病媒；污染水或土壤是重要暴露媒介。","US CDC About Leptospirosis https://www.cdc.gov/leptospirosis/about/index.html","待查：本次未摘錄發布日","美國／旅遊與一般疾病背景；不代表我國現況","已於 2026-09-10 查證此列來源；僅採用頁面直接支持的疾病背景，不推定我國現況。"
"14","鉤端螺旋體病","環境","環境存活／持久性","可在淡水、泥土等潮濕環境存活；條件與時間待查。","US CDC About Leptospirosis https://www.cdc.gov/leptospirosis/about/index.html","待查：本次未摘錄發布日","美國／旅遊與一般疾病背景；不代表我國現況","已於 2026-09-10 查證此列來源；僅採用頁面直接支持的疾病背景，不推定我國現況。"
"14","鉤端螺旋體病","環境","氣候變遷敏感度","本次未蒐集：待查 氣候變遷敏感度 的可比較定義與資料。","US CDC About Leptospirosis https://www.cdc.gov/leptospirosis/about/index.html","待查：本次未摘錄發布日","待查：依來源實際適用區域標示","時間有限的練習保留完整欄位；此格尚未作疾病別查證。由資料整理人員補查並記錄實際閱讀並核對日。"
"14","鉤端螺旋體病","環境","跨境／境外移入風險","本次未蒐集：待查 跨境／境外移入風險 的可比較定義與資料。","US CDC About Leptospirosis https://www.cdc.gov/leptospirosis/about/index.html","待查：本次未摘錄發布日","待查：依來源實際適用區域標示","時間有限的練習保留完整欄位；此格尚未作疾病別查證。由資料整理人員補查並記錄實際閱讀並核對日。"
"14","鉤端螺旋體病","食安與抗藥性","食品鏈傳播關聯","本次未蒐集：待查 食品鏈傳播關聯 的可比較定義與資料。","US CDC About Leptospirosis https://www.cdc.gov/leptospirosis/about/index.html","待查：本次未摘錄發布日","待查：依來源實際適用區域標示","時間有限的練習保留完整欄位；此格尚未作疾病別查證。由資料整理人員補查並記錄實際閱讀並核對日。"
"14","鉤端螺旋體病","食安與抗藥性","抗微生物抗藥性關聯","本次未蒐集：待查 抗微生物抗藥性關聯 的可比較定義與資料。","US CDC About Leptospirosis https://www.cdc.gov/leptospirosis/about/index.html","待查：本次未摘錄發布日","待查：依來源實際適用區域標示","時間有限的練習保留完整欄位；此格尚未作疾病別查證。由資料整理人員補查並記錄實際閱讀並核對日。"
"14","鉤端螺旋體病","食安與抗藥性","食安事件頻率","本次未蒐集：待查 食安事件頻率 的可比較定義與資料。","US CDC About Leptospirosis https://www.cdc.gov/leptospirosis/about/index.html","待查：本次未摘錄發布日","待查：依來源實際適用區域標示","時間有限的練習保留完整欄位；此格尚未作疾病別查證。由資料整理人員補查並記錄實際閱讀並核對日。"
"14","鉤端螺旋體病","防治能力與資源","人用疫苗","待查：人用疫苗的我國核准與是否容易取得。","US CDC About Leptospirosis https://www.cdc.gov/leptospirosis/about/index.html","待查：本次未摘錄發布日","美國／旅遊與一般疾病背景；不代表我國現況","已於 2026-09-10 查證此列來源；僅採用頁面直接支持的疾病背景，不推定我國現況。"
"14","鉤端螺旋體病","防治能力與資源","動物疫苗","待查：動物疫苗的我國是否容易取得與適用物種。","US CDC About Leptospirosis https://www.cdc.gov/leptospirosis/about/index.html","待查：本次未摘錄發布日","美國／旅遊與一般疾病背景；不代表我國現況","已於 2026-09-10 查證此列來源；僅採用頁面直接支持的疾病背景，不推定我國現況。"
"14","鉤端螺旋體病","防治能力與資源","人用有效治療","有抗生素治療；依病程與嚴重度選擇，待依臨床指引。","US CDC About Leptospirosis https://www.cdc.gov/leptospirosis/about/index.html","待查：本次未摘錄發布日","美國／旅遊與一般疾病背景；不代表我國現況","已於 2026-09-10 查證此列來源；僅採用頁面直接支持的疾病背景，不推定我國現況。"
"14","鉤端螺旋體病","防治能力與資源","實驗室診斷能力與資源","待查：我國檢驗能力與資源。","US CDC About Leptospirosis https://www.cdc.gov/leptospirosis/about/index.html","待查：本次未摘錄發布日","美國／旅遊與一般疾病背景；不代表我國現況","已於 2026-09-10 查證此列來源；僅採用頁面直接支持的疾病背景，不推定我國現況。"
"14","鉤端螺旋體病","防治能力與資源","兩部門監測能力與資源","待補資料（補齊前不計分）：本次不評核，不能由公開頁面推論兩部門整合能力與資源。","疾管署與農業部官方入口（僅供負責單位循核准流程補件） https://www.cdc.gov.tw/；https://www.moa.gov.tw/","不適用（本次不評核）","我國","2026-09-10 演練討論結果：本次工作坊不使用此欄評分；不宣稱所有能力與資源資料均非公開，只是不以零散公開資訊推定內部整合能力與資源。由疾管署與農業部負責人員依核准流程補。"
"14","鉤端螺旋體病","防治能力與資源","防治可行性（綜合）","防護裝備、鼠害控制、避免污染水體及早期診治。","US CDC About Leptospirosis https://www.cdc.gov/leptospirosis/about/index.html","待查：本次未摘錄發布日","美國／旅遊與一般疾病背景；不代表我國現況","已於 2026-09-10 查證此列來源；僅採用頁面直接支持的疾病背景，不推定我國現況。"
"14","鉤端螺旋體病","防治能力與資源","跨部門合作現況","待查：本次未蒐集跨部門合作現況。","US CDC About Leptospirosis https://www.cdc.gov/leptospirosis/about/index.html","待查：本次未摘錄發布日","美國／旅遊與一般疾病背景；不代表我國現況","已於 2026-09-10 查證此列來源；僅採用頁面直接支持的疾病背景，不推定我國現況。"
"14","鉤端螺旋體病","社會安全","生物恐怖／管制病原","待查：依我國法規與管制清單核對。","US CDC About Leptospirosis https://www.cdc.gov/leptospirosis/about/index.html","待查：本次未摘錄發布日","美國／旅遊與一般疾病背景；不代表我國現況","已於 2026-09-10 查證此列來源；僅採用頁面直接支持的疾病背景，不推定我國現況。"
"14","鉤端螺旋體病","社會安全","經濟總負擔","待查：疾病負擔估計。","US CDC About Leptospirosis https://www.cdc.gov/leptospirosis/about/index.html","待查：本次未摘錄發布日","美國／旅遊與一般疾病背景；不代表我國現況","已於 2026-09-10 查證此列來源；僅採用頁面直接支持的疾病背景，不推定我國現況。"
"14","鉤端螺旋體病","社會安全","社會關注／媒體顯著度","待查：可重現媒體量測。","US CDC About Leptospirosis https://www.cdc.gov/leptospirosis/about/index.html","待查：本次未摘錄發布日","美國／旅遊與一般疾病背景；不代表我國現況","已於 2026-09-10 查證此列來源；僅採用頁面直接支持的疾病背景，不推定我國現況。"
"14","鉤端螺旋體病","社會安全","職業暴露風險","農業、畜牧、下水道、救災與淡水暴露工作者可能暴露。","US CDC About Leptospirosis https://www.cdc.gov/leptospirosis/about/index.html","待查：本次未摘錄發布日","美國／旅遊與一般疾病背景；不代表我國現況","已於 2026-09-10 查證此列來源；僅採用頁面直接支持的疾病背景，不推定我國現況。"
"15","類鼻疽","人類","人類致死率（未治療）","本次未蒐集：待查「人類致死率（未治療）」的疾病別證據。","US CDC About Melioidosis https://www.cdc.gov/melioidosis/about/index.html","待查：本次未摘錄發布日","待查：依來源實際適用區域標示","時間有限的練習保留完整 22×30 結構；不可把待查改填 0 或推測值。由資料整理人員補查並記錄實際閱讀並核對日。"
"15","類鼻疽","人類","重症或長期失能比例","本次未蒐集：待查「重症或長期失能比例」的疾病別證據。","US CDC About Melioidosis https://www.cdc.gov/melioidosis/about/index.html","待查：本次未摘錄發布日","待查：依來源實際適用區域標示","時間有限的練習保留完整 22×30 結構；不可把待查改填 0 或推測值。由資料整理人員補查並記錄實際閱讀並核對日。"
"15","類鼻疽","人類","人類年通報數／發生率","待查：NIDSS 逐病互動查詢，由疾病監測承辦人補。","疾管署 NIDSS 傳染病統計資料查詢系統 https://nidss.cdc.gov.tw/","待查：須記錄實際查詢日","我國","本次未執行逐病互動查詢；待查不代表零。由疾病監測或動物衛生承辦人補，並記錄實際查詢日。"
"15","類鼻疽","人類","人傳人能力","本次未蒐集：待查「人傳人能力」的疾病別證據。","US CDC About Melioidosis https://www.cdc.gov/melioidosis/about/index.html","待查：本次未摘錄發布日","待查：依來源實際適用區域標示","時間有限的練習保留完整 22×30 結構；不可把待查改填 0 或推測值。由資料整理人員補查並記錄實際閱讀並核對日。"
"15","類鼻疽","人類","高風險／易感族群衝擊","本次未蒐集：待查「高風險／易感族群衝擊」的疾病別證據。","US CDC About Melioidosis https://www.cdc.gov/melioidosis/about/index.html","待查：本次未摘錄發布日","待查：依來源實際適用區域標示","時間有限的練習保留完整 22×30 結構；不可把待查改填 0 或推測值。由資料整理人員補查並記錄實際閱讀並核對日。"
"15","類鼻疽","人類","法定傳染病分類／通報層級","待查：依主管機關現行資料逐病核對。","疾管署／農業部現行法規與公告入口 https://www.cdc.gov.tw/；https://www.moa.gov.tw/","待查：須記錄實際查詢日","我國","本次未執行逐病互動查詢；待查不代表零。由疾病監測或動物衛生承辦人補，並記錄實際查詢日。"
"15","類鼻疽","動物","動物族群致死率","本次未蒐集：待查「動物族群致死率」的疾病別證據。","US CDC About Melioidosis https://www.cdc.gov/melioidosis/about/index.html","待查：本次未摘錄發布日","待查：依來源實際適用區域標示","時間有限的練習保留完整 22×30 結構；不可把待查改填 0 或推測值。由資料整理人員補查並記錄實際閱讀並核對日。"
"15","類鼻疽","動物","畜禽生產衝擊","本次未蒐集：待查「畜禽生產衝擊」的疾病別證據。","US CDC About Melioidosis https://www.cdc.gov/melioidosis/about/index.html","待查：本次未摘錄發布日","待查：依來源實際適用區域標示","時間有限的練習保留完整 22×30 結構；不可把待查改填 0 或推測值。由資料整理人員補查並記錄實際閱讀並核對日。"
"15","類鼻疽","動物","宿主範圍廣度","本次未蒐集：待查「宿主範圍廣度」的疾病別證據。","US CDC About Melioidosis https://www.cdc.gov/melioidosis/about/index.html","待查：本次未摘錄發布日","待查：依來源實際適用區域標示","時間有限的練習保留完整 22×30 結構；不可把待查改填 0 或推測值。由資料整理人員補查並記錄實際閱讀並核對日。"
"15","類鼻疽","動物","WOAH 通報疾病","待查：依 WOAH Terrestrial Animal Health Code 第 1.3 章逐病核對。","WOAH Terrestrial Animal Health Code https://www.woah.org/en/what-we-do/standards/codes-and-manuals/terrestrial-code-online-access/","待查：實際閱讀並核對日","全球","疾病專頁或舊網頁不等於現行 Listed disease；由動物衛生或 WOAH 聯絡窗口補核。"
"15","類鼻疽","動物","國內動物疫情活躍度","待查：依主管機關現行資料逐病核對。","疾管署／農業部現行法規與公告入口 https://www.cdc.gov.tw/；https://www.moa.gov.tw/","待查：須記錄實際查詢日","我國","本次未執行逐病互動查詢；待查不代表零。由疾病監測或動物衛生承辦人補，並記錄實際查詢日。"
"15","類鼻疽","動物","野生動物保毒宿主","本次未蒐集：待查「野生動物保毒宿主」的疾病別證據。","US CDC About Melioidosis https://www.cdc.gov/melioidosis/about/index.html","待查：本次未摘錄發布日","待查：依來源實際適用區域標示","時間有限的練習保留完整 22×30 結構；不可把待查改填 0 或推測值。由資料整理人員補查並記錄實際閱讀並核對日。"
"15","類鼻疽","環境","病媒存在與氣候適生性","本次未蒐集：待查「病媒存在與氣候適生性」的疾病別證據。","US CDC About Melioidosis https://www.cdc.gov/melioidosis/about/index.html","待查：本次未摘錄發布日","待查：依來源實際適用區域標示","時間有限的練習保留完整 22×30 結構；不可把待查改填 0 或推測值。由資料整理人員補查並記錄實際閱讀並核對日。"
"15","類鼻疽","環境","環境存活／持久性","本次未蒐集：待查「環境存活／持久性」的疾病別證據。","US CDC About Melioidosis https://www.cdc.gov/melioidosis/about/index.html","待查：本次未摘錄發布日","待查：依來源實際適用區域標示","時間有限的練習保留完整 22×30 結構；不可把待查改填 0 或推測值。由資料整理人員補查並記錄實際閱讀並核對日。"
"15","類鼻疽","環境","氣候變遷敏感度","本次未蒐集：待查 氣候變遷敏感度 的可比較定義與資料。","US CDC About Melioidosis https://www.cdc.gov/melioidosis/about/index.html","待查：本次未摘錄發布日","待查：依來源實際適用區域標示","時間有限的練習保留完整欄位；此格尚未作疾病別查證。由資料整理人員補查並記錄實際閱讀並核對日。"
"15","類鼻疽","環境","跨境／境外移入風險","本次未蒐集：待查 跨境／境外移入風險 的可比較定義與資料。","US CDC About Melioidosis https://www.cdc.gov/melioidosis/about/index.html","待查：本次未摘錄發布日","待查：依來源實際適用區域標示","時間有限的練習保留完整欄位；此格尚未作疾病別查證。由資料整理人員補查並記錄實際閱讀並核對日。"
"15","類鼻疽","食安與抗藥性","食品鏈傳播關聯","本次未蒐集：待查 食品鏈傳播關聯 的可比較定義與資料。","US CDC About Melioidosis https://www.cdc.gov/melioidosis/about/index.html","待查：本次未摘錄發布日","待查：依來源實際適用區域標示","時間有限的練習保留完整欄位；此格尚未作疾病別查證。由資料整理人員補查並記錄實際閱讀並核對日。"
"15","類鼻疽","食安與抗藥性","抗微生物抗藥性關聯","本次未蒐集：待查 抗微生物抗藥性關聯 的可比較定義與資料。","US CDC About Melioidosis https://www.cdc.gov/melioidosis/about/index.html","待查：本次未摘錄發布日","待查：依來源實際適用區域標示","時間有限的練習保留完整欄位；此格尚未作疾病別查證。由資料整理人員補查並記錄實際閱讀並核對日。"
"15","類鼻疽","食安與抗藥性","食安事件頻率","本次未蒐集：待查 食安事件頻率 的可比較定義與資料。","US CDC About Melioidosis https://www.cdc.gov/melioidosis/about/index.html","待查：本次未摘錄發布日","待查：依來源實際適用區域標示","時間有限的練習保留完整欄位；此格尚未作疾病別查證。由資料整理人員補查並記錄實際閱讀並核對日。"
"15","類鼻疽","防治能力與資源","人用疫苗","本次未蒐集：待查「人用疫苗」的疾病別證據。","US CDC About Melioidosis https://www.cdc.gov/melioidosis/about/index.html","待查：本次未摘錄發布日","待查：依來源實際適用區域標示","時間有限的練習保留完整 22×30 結構；不可把待查改填 0 或推測值。由資料整理人員補查並記錄實際閱讀並核對日。"
"15","類鼻疽","防治能力與資源","動物疫苗","本次未蒐集：待查「動物疫苗」的疾病別證據。","US CDC About Melioidosis https://www.cdc.gov/melioidosis/about/index.html","待查：本次未摘錄發布日","待查：依來源實際適用區域標示","時間有限的練習保留完整 22×30 結構；不可把待查改填 0 或推測值。由資料整理人員補查並記錄實際閱讀並核對日。"
"15","類鼻疽","防治能力與資源","人用有效治療","本次未蒐集：待查「人用有效治療」的疾病別證據。","US CDC About Melioidosis https://www.cdc.gov/melioidosis/about/index.html","待查：本次未摘錄發布日","待查：依來源實際適用區域標示","時間有限的練習保留完整 22×30 結構；不可把待查改填 0 或推測值。由資料整理人員補查並記錄實際閱讀並核對日。"
"15","類鼻疽","防治能力與資源","實驗室診斷能力與資源","本次未蒐集：待查「實驗室診斷能力與資源」的疾病別證據。","US CDC About Melioidosis https://www.cdc.gov/melioidosis/about/index.html","待查：本次未摘錄發布日","待查：依來源實際適用區域標示","時間有限的練習保留完整 22×30 結構；不可把待查改填 0 或推測值。由資料整理人員補查並記錄實際閱讀並核對日。"
"15","類鼻疽","防治能力與資源","兩部門監測能力與資源","待補資料（補齊前不計分）：本次不評核，不能由公開頁面推論兩部門整合能力與資源。","疾管署與農業部官方入口（僅供負責單位循核准流程補件） https://www.cdc.gov.tw/；https://www.moa.gov.tw/","不適用（本次不評核）","我國","2026-09-10 演練討論結果：本次工作坊不使用此欄評分；不宣稱所有能力與資源資料均非公開，只是不以零散公開資訊推定內部整合能力與資源。由疾管署與農業部負責人員依核准流程補。"
"15","類鼻疽","防治能力與資源","防治可行性（綜合）","本次未蒐集：待查「防治可行性（綜合）」的疾病別證據。","US CDC About Melioidosis https://www.cdc.gov/melioidosis/about/index.html","待查：本次未摘錄發布日","待查：依來源實際適用區域標示","時間有限的練習保留完整 22×30 結構；不可把待查改填 0 或推測值。由資料整理人員補查並記錄實際閱讀並核對日。"
"15","類鼻疽","防治能力與資源","跨部門合作現況","本次未蒐集：待查「跨部門合作現況」的疾病別證據。","US CDC About Melioidosis https://www.cdc.gov/melioidosis/about/index.html","待查：本次未摘錄發布日","待查：依來源實際適用區域標示","時間有限的練習保留完整 22×30 結構；不可把待查改填 0 或推測值。由資料整理人員補查並記錄實際閱讀並核對日。"
"15","類鼻疽","社會安全","生物恐怖／管制病原","本次未蒐集：待查「生物恐怖／管制病原」的疾病別證據。","US CDC About Melioidosis https://www.cdc.gov/melioidosis/about/index.html","待查：本次未摘錄發布日","待查：依來源實際適用區域標示","時間有限的練習保留完整 22×30 結構；不可把待查改填 0 或推測值。由資料整理人員補查並記錄實際閱讀並核對日。"
"15","類鼻疽","社會安全","經濟總負擔","本次未蒐集：待查「經濟總負擔」的疾病別證據。","US CDC About Melioidosis https://www.cdc.gov/melioidosis/about/index.html","待查：本次未摘錄發布日","待查：依來源實際適用區域標示","時間有限的練習保留完整 22×30 結構；不可把待查改填 0 或推測值。由資料整理人員補查並記錄實際閱讀並核對日。"
"15","類鼻疽","社會安全","社會關注／媒體顯著度","本次未蒐集：待查「社會關注／媒體顯著度」的疾病別證據。","US CDC About Melioidosis https://www.cdc.gov/melioidosis/about/index.html","待查：本次未摘錄發布日","待查：依來源實際適用區域標示","時間有限的練習保留完整 22×30 結構；不可把待查改填 0 或推測值。由資料整理人員補查並記錄實際閱讀並核對日。"
"15","類鼻疽","社會安全","職業暴露風險","本次未蒐集：待查「職業暴露風險」的疾病別證據。","US CDC About Melioidosis https://www.cdc.gov/melioidosis/about/index.html","待查：本次未摘錄發布日","待查：依來源實際適用區域標示","時間有限的練習保留完整 22×30 結構；不可把待查改填 0 或推測值。由資料整理人員補查並記錄實際閱讀並核對日。"
"16","Q 熱","人類","人類致死率（未治療）","本次未蒐集：待查「人類致死率（未治療）」的疾病別證據。","US CDC About Q fever https://www.cdc.gov/q-fever/about/index.html","待查：本次未摘錄發布日","待查：依來源實際適用區域標示","時間有限的練習保留完整 22×30 結構；不可把待查改填 0 或推測值。由資料整理人員補查並記錄實際閱讀並核對日。"
"16","Q 熱","人類","重症或長期失能比例","本次未蒐集：待查「重症或長期失能比例」的疾病別證據。","US CDC About Q fever https://www.cdc.gov/q-fever/about/index.html","待查：本次未摘錄發布日","待查：依來源實際適用區域標示","時間有限的練習保留完整 22×30 結構；不可把待查改填 0 或推測值。由資料整理人員補查並記錄實際閱讀並核對日。"
"16","Q 熱","人類","人類年通報數／發生率","待查：NIDSS 逐病互動查詢，由疾病監測承辦人補。","疾管署 NIDSS 傳染病統計資料查詢系統 https://nidss.cdc.gov.tw/","待查：須記錄實際查詢日","我國","本次未執行逐病互動查詢；待查不代表零。由疾病監測或動物衛生承辦人補，並記錄實際查詢日。"
"16","Q 熱","人類","人傳人能力","本次未蒐集：待查「人傳人能力」的疾病別證據。","US CDC About Q fever https://www.cdc.gov/q-fever/about/index.html","待查：本次未摘錄發布日","待查：依來源實際適用區域標示","時間有限的練習保留完整 22×30 結構；不可把待查改填 0 或推測值。由資料整理人員補查並記錄實際閱讀並核對日。"
"16","Q 熱","人類","高風險／易感族群衝擊","本次未蒐集：待查「高風險／易感族群衝擊」的疾病別證據。","US CDC About Q fever https://www.cdc.gov/q-fever/about/index.html","待查：本次未摘錄發布日","待查：依來源實際適用區域標示","時間有限的練習保留完整 22×30 結構；不可把待查改填 0 或推測值。由資料整理人員補查並記錄實際閱讀並核對日。"
"16","Q 熱","人類","法定傳染病分類／通報層級","待查：依主管機關現行資料逐病核對。","疾管署／農業部現行法規與公告入口 https://www.cdc.gov.tw/；https://www.moa.gov.tw/","待查：須記錄實際查詢日","我國","本次未執行逐病互動查詢；待查不代表零。由疾病監測或動物衛生承辦人補，並記錄實際查詢日。"
"16","Q 熱","動物","動物族群致死率","本次未蒐集：待查「動物族群致死率」的疾病別證據。","US CDC About Q fever https://www.cdc.gov/q-fever/about/index.html","待查：本次未摘錄發布日","待查：依來源實際適用區域標示","時間有限的練習保留完整 22×30 結構；不可把待查改填 0 或推測值。由資料整理人員補查並記錄實際閱讀並核對日。"
"16","Q 熱","動物","畜禽生產衝擊","本次未蒐集：待查「畜禽生產衝擊」的疾病別證據。","US CDC About Q fever https://www.cdc.gov/q-fever/about/index.html","待查：本次未摘錄發布日","待查：依來源實際適用區域標示","時間有限的練習保留完整 22×30 結構；不可把待查改填 0 或推測值。由資料整理人員補查並記錄實際閱讀並核對日。"
"16","Q 熱","動物","宿主範圍廣度","本次未蒐集：待查「宿主範圍廣度」的疾病別證據。","US CDC About Q fever https://www.cdc.gov/q-fever/about/index.html","待查：本次未摘錄發布日","待查：依來源實際適用區域標示","時間有限的練習保留完整 22×30 結構；不可把待查改填 0 或推測值。由資料整理人員補查並記錄實際閱讀並核對日。"
"16","Q 熱","動物","WOAH 通報疾病","待查：依 WOAH Terrestrial Animal Health Code 第 1.3 章逐病核對。","WOAH Terrestrial Animal Health Code https://www.woah.org/en/what-we-do/standards/codes-and-manuals/terrestrial-code-online-access/","待查：實際閱讀並核對日","全球","疾病專頁或舊網頁不等於現行 Listed disease；由動物衛生或 WOAH 聯絡窗口補核。"
"16","Q 熱","動物","國內動物疫情活躍度","待查：依主管機關現行資料逐病核對。","疾管署／農業部現行法規與公告入口 https://www.cdc.gov.tw/；https://www.moa.gov.tw/","待查：須記錄實際查詢日","我國","本次未執行逐病互動查詢；待查不代表零。由疾病監測或動物衛生承辦人補，並記錄實際查詢日。"
"16","Q 熱","動物","野生動物保毒宿主","本次未蒐集：待查「野生動物保毒宿主」的疾病別證據。","US CDC About Q fever https://www.cdc.gov/q-fever/about/index.html","待查：本次未摘錄發布日","待查：依來源實際適用區域標示","時間有限的練習保留完整 22×30 結構；不可把待查改填 0 或推測值。由資料整理人員補查並記錄實際閱讀並核對日。"
"16","Q 熱","環境","病媒存在與氣候適生性","本次未蒐集：待查「病媒存在與氣候適生性」的疾病別證據。","US CDC About Q fever https://www.cdc.gov/q-fever/about/index.html","待查：本次未摘錄發布日","待查：依來源實際適用區域標示","時間有限的練習保留完整 22×30 結構；不可把待查改填 0 或推測值。由資料整理人員補查並記錄實際閱讀並核對日。"
"16","Q 熱","環境","環境存活／持久性","本次未蒐集：待查「環境存活／持久性」的疾病別證據。","US CDC About Q fever https://www.cdc.gov/q-fever/about/index.html","待查：本次未摘錄發布日","待查：依來源實際適用區域標示","時間有限的練習保留完整 22×30 結構；不可把待查改填 0 或推測值。由資料整理人員補查並記錄實際閱讀並核對日。"
"16","Q 熱","環境","氣候變遷敏感度","本次未蒐集：待查 氣候變遷敏感度 的可比較定義與資料。","US CDC About Q fever https://www.cdc.gov/q-fever/about/index.html","待查：本次未摘錄發布日","待查：依來源實際適用區域標示","時間有限的練習保留完整欄位；此格尚未作疾病別查證。由資料整理人員補查並記錄實際閱讀並核對日。"
"16","Q 熱","環境","跨境／境外移入風險","本次未蒐集：待查 跨境／境外移入風險 的可比較定義與資料。","US CDC About Q fever https://www.cdc.gov/q-fever/about/index.html","待查：本次未摘錄發布日","待查：依來源實際適用區域標示","時間有限的練習保留完整欄位；此格尚未作疾病別查證。由資料整理人員補查並記錄實際閱讀並核對日。"
"16","Q 熱","食安與抗藥性","食品鏈傳播關聯","本次未蒐集：待查 食品鏈傳播關聯 的可比較定義與資料。","US CDC About Q fever https://www.cdc.gov/q-fever/about/index.html","待查：本次未摘錄發布日","待查：依來源實際適用區域標示","時間有限的練習保留完整欄位；此格尚未作疾病別查證。由資料整理人員補查並記錄實際閱讀並核對日。"
"16","Q 熱","食安與抗藥性","抗微生物抗藥性關聯","本次未蒐集：待查 抗微生物抗藥性關聯 的可比較定義與資料。","US CDC About Q fever https://www.cdc.gov/q-fever/about/index.html","待查：本次未摘錄發布日","待查：依來源實際適用區域標示","時間有限的練習保留完整欄位；此格尚未作疾病別查證。由資料整理人員補查並記錄實際閱讀並核對日。"
"16","Q 熱","食安與抗藥性","食安事件頻率","本次未蒐集：待查 食安事件頻率 的可比較定義與資料。","US CDC About Q fever https://www.cdc.gov/q-fever/about/index.html","待查：本次未摘錄發布日","待查：依來源實際適用區域標示","時間有限的練習保留完整欄位；此格尚未作疾病別查證。由資料整理人員補查並記錄實際閱讀並核對日。"
"16","Q 熱","防治能力與資源","人用疫苗","本次未蒐集：待查「人用疫苗」的疾病別證據。","US CDC About Q fever https://www.cdc.gov/q-fever/about/index.html","待查：本次未摘錄發布日","待查：依來源實際適用區域標示","時間有限的練習保留完整 22×30 結構；不可把待查改填 0 或推測值。由資料整理人員補查並記錄實際閱讀並核對日。"
"16","Q 熱","防治能力與資源","動物疫苗","本次未蒐集：待查「動物疫苗」的疾病別證據。","US CDC About Q fever https://www.cdc.gov/q-fever/about/index.html","待查：本次未摘錄發布日","待查：依來源實際適用區域標示","時間有限的練習保留完整 22×30 結構；不可把待查改填 0 或推測值。由資料整理人員補查並記錄實際閱讀並核對日。"
"16","Q 熱","防治能力與資源","人用有效治療","本次未蒐集：待查「人用有效治療」的疾病別證據。","US CDC About Q fever https://www.cdc.gov/q-fever/about/index.html","待查：本次未摘錄發布日","待查：依來源實際適用區域標示","時間有限的練習保留完整 22×30 結構；不可把待查改填 0 或推測值。由資料整理人員補查並記錄實際閱讀並核對日。"
"16","Q 熱","防治能力與資源","實驗室診斷能力與資源","本次未蒐集：待查「實驗室診斷能力與資源」的疾病別證據。","US CDC About Q fever https://www.cdc.gov/q-fever/about/index.html","待查：本次未摘錄發布日","待查：依來源實際適用區域標示","時間有限的練習保留完整 22×30 結構；不可把待查改填 0 或推測值。由資料整理人員補查並記錄實際閱讀並核對日。"
"16","Q 熱","防治能力與資源","兩部門監測能力與資源","待補資料（補齊前不計分）：本次不評核，不能由公開頁面推論兩部門整合能力與資源。","疾管署與農業部官方入口（僅供負責單位循核准流程補件） https://www.cdc.gov.tw/；https://www.moa.gov.tw/","不適用（本次不評核）","我國","2026-09-10 演練討論結果：本次工作坊不使用此欄評分；不宣稱所有能力與資源資料均非公開，只是不以零散公開資訊推定內部整合能力與資源。由疾管署與農業部負責人員依核准流程補。"
"16","Q 熱","防治能力與資源","防治可行性（綜合）","本次未蒐集：待查「防治可行性（綜合）」的疾病別證據。","US CDC About Q fever https://www.cdc.gov/q-fever/about/index.html","待查：本次未摘錄發布日","待查：依來源實際適用區域標示","時間有限的練習保留完整 22×30 結構；不可把待查改填 0 或推測值。由資料整理人員補查並記錄實際閱讀並核對日。"
"16","Q 熱","防治能力與資源","跨部門合作現況","本次未蒐集：待查「跨部門合作現況」的疾病別證據。","US CDC About Q fever https://www.cdc.gov/q-fever/about/index.html","待查：本次未摘錄發布日","待查：依來源實際適用區域標示","時間有限的練習保留完整 22×30 結構；不可把待查改填 0 或推測值。由資料整理人員補查並記錄實際閱讀並核對日。"
"16","Q 熱","社會安全","生物恐怖／管制病原","本次未蒐集：待查「生物恐怖／管制病原」的疾病別證據。","US CDC About Q fever https://www.cdc.gov/q-fever/about/index.html","待查：本次未摘錄發布日","待查：依來源實際適用區域標示","時間有限的練習保留完整 22×30 結構；不可把待查改填 0 或推測值。由資料整理人員補查並記錄實際閱讀並核對日。"
"16","Q 熱","社會安全","經濟總負擔","本次未蒐集：待查「經濟總負擔」的疾病別證據。","US CDC About Q fever https://www.cdc.gov/q-fever/about/index.html","待查：本次未摘錄發布日","待查：依來源實際適用區域標示","時間有限的練習保留完整 22×30 結構；不可把待查改填 0 或推測值。由資料整理人員補查並記錄實際閱讀並核對日。"
"16","Q 熱","社會安全","社會關注／媒體顯著度","本次未蒐集：待查「社會關注／媒體顯著度」的疾病別證據。","US CDC About Q fever https://www.cdc.gov/q-fever/about/index.html","待查：本次未摘錄發布日","待查：依來源實際適用區域標示","時間有限的練習保留完整 22×30 結構；不可把待查改填 0 或推測值。由資料整理人員補查並記錄實際閱讀並核對日。"
"16","Q 熱","社會安全","職業暴露風險","本次未蒐集：待查「職業暴露風險」的疾病別證據。","US CDC About Q fever https://www.cdc.gov/q-fever/about/index.html","待查：本次未摘錄發布日","待查：依來源實際適用區域標示","時間有限的練習保留完整 22×30 結構；不可把待查改填 0 或推測值。由資料整理人員補查並記錄實際閱讀並核對日。"
"17","布氏桿菌病","人類","人類致死率（未治療）","本次未蒐集：待查「人類致死率（未治療）」的疾病別證據。","WHO Brucellosis https://www.who.int/news-room/fact-sheets/detail/brucellosis","待查：本次未摘錄發布日","待查：依來源實際適用區域標示","時間有限的練習保留完整 22×30 結構；不可把待查改填 0 或推測值。由資料整理人員補查並記錄實際閱讀並核對日。"
"17","布氏桿菌病","人類","重症或長期失能比例","本次未蒐集：待查「重症或長期失能比例」的疾病別證據。","WHO Brucellosis https://www.who.int/news-room/fact-sheets/detail/brucellosis","待查：本次未摘錄發布日","待查：依來源實際適用區域標示","時間有限的練習保留完整 22×30 結構；不可把待查改填 0 或推測值。由資料整理人員補查並記錄實際閱讀並核對日。"
"17","布氏桿菌病","人類","人類年通報數／發生率","待查：NIDSS 逐病互動查詢，由疾病監測承辦人補。","疾管署 NIDSS 傳染病統計資料查詢系統 https://nidss.cdc.gov.tw/","待查：須記錄實際查詢日","我國","本次未執行逐病互動查詢；待查不代表零。由疾病監測或動物衛生承辦人補，並記錄實際查詢日。"
"17","布氏桿菌病","人類","人傳人能力","本次未蒐集：待查「人傳人能力」的疾病別證據。","WHO Brucellosis https://www.who.int/news-room/fact-sheets/detail/brucellosis","待查：本次未摘錄發布日","待查：依來源實際適用區域標示","時間有限的練習保留完整 22×30 結構；不可把待查改填 0 或推測值。由資料整理人員補查並記錄實際閱讀並核對日。"
"17","布氏桿菌病","人類","高風險／易感族群衝擊","本次未蒐集：待查「高風險／易感族群衝擊」的疾病別證據。","WHO Brucellosis https://www.who.int/news-room/fact-sheets/detail/brucellosis","待查：本次未摘錄發布日","待查：依來源實際適用區域標示","時間有限的練習保留完整 22×30 結構；不可把待查改填 0 或推測值。由資料整理人員補查並記錄實際閱讀並核對日。"
"17","布氏桿菌病","人類","法定傳染病分類／通報層級","待查：依主管機關現行資料逐病核對。","疾管署／農業部現行法規與公告入口 https://www.cdc.gov.tw/；https://www.moa.gov.tw/","待查：須記錄實際查詢日","我國","本次未執行逐病互動查詢；待查不代表零。由疾病監測或動物衛生承辦人補，並記錄實際查詢日。"
"17","布氏桿菌病","動物","動物族群致死率","本次未蒐集：待查「動物族群致死率」的疾病別證據。","WHO Brucellosis https://www.who.int/news-room/fact-sheets/detail/brucellosis","待查：本次未摘錄發布日","待查：依來源實際適用區域標示","時間有限的練習保留完整 22×30 結構；不可把待查改填 0 或推測值。由資料整理人員補查並記錄實際閱讀並核對日。"
"17","布氏桿菌病","動物","畜禽生產衝擊","本次未蒐集：待查「畜禽生產衝擊」的疾病別證據。","WHO Brucellosis https://www.who.int/news-room/fact-sheets/detail/brucellosis","待查：本次未摘錄發布日","待查：依來源實際適用區域標示","時間有限的練習保留完整 22×30 結構；不可把待查改填 0 或推測值。由資料整理人員補查並記錄實際閱讀並核對日。"
"17","布氏桿菌病","動物","宿主範圍廣度","本次未蒐集：待查「宿主範圍廣度」的疾病別證據。","WHO Brucellosis https://www.who.int/news-room/fact-sheets/detail/brucellosis","待查：本次未摘錄發布日","待查：依來源實際適用區域標示","時間有限的練習保留完整 22×30 結構；不可把待查改填 0 或推測值。由資料整理人員補查並記錄實際閱讀並核對日。"
"17","布氏桿菌病","動物","WOAH 通報疾病","待查：依 WOAH Terrestrial Animal Health Code 第 1.3 章逐病核對。","WOAH Terrestrial Animal Health Code https://www.woah.org/en/what-we-do/standards/codes-and-manuals/terrestrial-code-online-access/","待查：實際閱讀並核對日","全球","疾病專頁或舊網頁不等於現行 Listed disease；由動物衛生或 WOAH 聯絡窗口補核。"
"17","布氏桿菌病","動物","國內動物疫情活躍度","待查：依主管機關現行資料逐病核對。","疾管署／農業部現行法規與公告入口 https://www.cdc.gov.tw/；https://www.moa.gov.tw/","待查：須記錄實際查詢日","我國","本次未執行逐病互動查詢；待查不代表零。由疾病監測或動物衛生承辦人補，並記錄實際查詢日。"
"17","布氏桿菌病","動物","野生動物保毒宿主","本次未蒐集：待查「野生動物保毒宿主」的疾病別證據。","WHO Brucellosis https://www.who.int/news-room/fact-sheets/detail/brucellosis","待查：本次未摘錄發布日","待查：依來源實際適用區域標示","時間有限的練習保留完整 22×30 結構；不可把待查改填 0 或推測值。由資料整理人員補查並記錄實際閱讀並核對日。"
"17","布氏桿菌病","環境","病媒存在與氣候適生性","本次未蒐集：待查「病媒存在與氣候適生性」的疾病別證據。","WHO Brucellosis https://www.who.int/news-room/fact-sheets/detail/brucellosis","待查：本次未摘錄發布日","待查：依來源實際適用區域標示","時間有限的練習保留完整 22×30 結構；不可把待查改填 0 或推測值。由資料整理人員補查並記錄實際閱讀並核對日。"
"17","布氏桿菌病","環境","環境存活／持久性","本次未蒐集：待查「環境存活／持久性」的疾病別證據。","WHO Brucellosis https://www.who.int/news-room/fact-sheets/detail/brucellosis","待查：本次未摘錄發布日","待查：依來源實際適用區域標示","時間有限的練習保留完整 22×30 結構；不可把待查改填 0 或推測值。由資料整理人員補查並記錄實際閱讀並核對日。"
"17","布氏桿菌病","環境","氣候變遷敏感度","本次未蒐集：待查 氣候變遷敏感度 的可比較定義與資料。","WHO Brucellosis https://www.who.int/news-room/fact-sheets/detail/brucellosis","待查：本次未摘錄發布日","待查：依來源實際適用區域標示","時間有限的練習保留完整欄位；此格尚未作疾病別查證。由資料整理人員補查並記錄實際閱讀並核對日。"
"17","布氏桿菌病","環境","跨境／境外移入風險","本次未蒐集：待查 跨境／境外移入風險 的可比較定義與資料。","WHO Brucellosis https://www.who.int/news-room/fact-sheets/detail/brucellosis","待查：本次未摘錄發布日","待查：依來源實際適用區域標示","時間有限的練習保留完整欄位；此格尚未作疾病別查證。由資料整理人員補查並記錄實際閱讀並核對日。"
"17","布氏桿菌病","食安與抗藥性","食品鏈傳播關聯","本次未蒐集：待查 食品鏈傳播關聯 的可比較定義與資料。","WHO Brucellosis https://www.who.int/news-room/fact-sheets/detail/brucellosis","待查：本次未摘錄發布日","待查：依來源實際適用區域標示","時間有限的練習保留完整欄位；此格尚未作疾病別查證。由資料整理人員補查並記錄實際閱讀並核對日。"
"17","布氏桿菌病","食安與抗藥性","抗微生物抗藥性關聯","本次未蒐集：待查 抗微生物抗藥性關聯 的可比較定義與資料。","WHO Brucellosis https://www.who.int/news-room/fact-sheets/detail/brucellosis","待查：本次未摘錄發布日","待查：依來源實際適用區域標示","時間有限的練習保留完整欄位；此格尚未作疾病別查證。由資料整理人員補查並記錄實際閱讀並核對日。"
"17","布氏桿菌病","食安與抗藥性","食安事件頻率","本次未蒐集：待查 食安事件頻率 的可比較定義與資料。","WHO Brucellosis https://www.who.int/news-room/fact-sheets/detail/brucellosis","待查：本次未摘錄發布日","待查：依來源實際適用區域標示","時間有限的練習保留完整欄位；此格尚未作疾病別查證。由資料整理人員補查並記錄實際閱讀並核對日。"
"17","布氏桿菌病","防治能力與資源","人用疫苗","本次未蒐集：待查「人用疫苗」的疾病別證據。","WHO Brucellosis https://www.who.int/news-room/fact-sheets/detail/brucellosis","待查：本次未摘錄發布日","待查：依來源實際適用區域標示","時間有限的練習保留完整 22×30 結構；不可把待查改填 0 或推測值。由資料整理人員補查並記錄實際閱讀並核對日。"
"17","布氏桿菌病","防治能力與資源","動物疫苗","本次未蒐集：待查「動物疫苗」的疾病別證據。","WHO Brucellosis https://www.who.int/news-room/fact-sheets/detail/brucellosis","待查：本次未摘錄發布日","待查：依來源實際適用區域標示","時間有限的練習保留完整 22×30 結構；不可把待查改填 0 或推測值。由資料整理人員補查並記錄實際閱讀並核對日。"
"17","布氏桿菌病","防治能力與資源","人用有效治療","本次未蒐集：待查「人用有效治療」的疾病別證據。","WHO Brucellosis https://www.who.int/news-room/fact-sheets/detail/brucellosis","待查：本次未摘錄發布日","待查：依來源實際適用區域標示","時間有限的練習保留完整 22×30 結構；不可把待查改填 0 或推測值。由資料整理人員補查並記錄實際閱讀並核對日。"
"17","布氏桿菌病","防治能力與資源","實驗室診斷能力與資源","本次未蒐集：待查「實驗室診斷能力與資源」的疾病別證據。","WHO Brucellosis https://www.who.int/news-room/fact-sheets/detail/brucellosis","待查：本次未摘錄發布日","待查：依來源實際適用區域標示","時間有限的練習保留完整 22×30 結構；不可把待查改填 0 或推測值。由資料整理人員補查並記錄實際閱讀並核對日。"
"17","布氏桿菌病","防治能力與資源","兩部門監測能力與資源","待補資料（補齊前不計分）：本次不評核，不能由公開頁面推論兩部門整合能力與資源。","疾管署與農業部官方入口（僅供負責單位循核准流程補件） https://www.cdc.gov.tw/；https://www.moa.gov.tw/","不適用（本次不評核）","我國","2026-09-10 演練討論結果：本次工作坊不使用此欄評分；不宣稱所有能力與資源資料均非公開，只是不以零散公開資訊推定內部整合能力與資源。由疾管署與農業部負責人員依核准流程補。"
"17","布氏桿菌病","防治能力與資源","防治可行性（綜合）","本次未蒐集：待查「防治可行性（綜合）」的疾病別證據。","WHO Brucellosis https://www.who.int/news-room/fact-sheets/detail/brucellosis","待查：本次未摘錄發布日","待查：依來源實際適用區域標示","時間有限的練習保留完整 22×30 結構；不可把待查改填 0 或推測值。由資料整理人員補查並記錄實際閱讀並核對日。"
"17","布氏桿菌病","防治能力與資源","跨部門合作現況","本次未蒐集：待查「跨部門合作現況」的疾病別證據。","WHO Brucellosis https://www.who.int/news-room/fact-sheets/detail/brucellosis","待查：本次未摘錄發布日","待查：依來源實際適用區域標示","時間有限的練習保留完整 22×30 結構；不可把待查改填 0 或推測值。由資料整理人員補查並記錄實際閱讀並核對日。"
"17","布氏桿菌病","社會安全","生物恐怖／管制病原","本次未蒐集：待查「生物恐怖／管制病原」的疾病別證據。","WHO Brucellosis https://www.who.int/news-room/fact-sheets/detail/brucellosis","待查：本次未摘錄發布日","待查：依來源實際適用區域標示","時間有限的練習保留完整 22×30 結構；不可把待查改填 0 或推測值。由資料整理人員補查並記錄實際閱讀並核對日。"
"17","布氏桿菌病","社會安全","經濟總負擔","本次未蒐集：待查「經濟總負擔」的疾病別證據。","WHO Brucellosis https://www.who.int/news-room/fact-sheets/detail/brucellosis","待查：本次未摘錄發布日","待查：依來源實際適用區域標示","時間有限的練習保留完整 22×30 結構；不可把待查改填 0 或推測值。由資料整理人員補查並記錄實際閱讀並核對日。"
"17","布氏桿菌病","社會安全","社會關注／媒體顯著度","本次未蒐集：待查「社會關注／媒體顯著度」的疾病別證據。","WHO Brucellosis https://www.who.int/news-room/fact-sheets/detail/brucellosis","待查：本次未摘錄發布日","待查：依來源實際適用區域標示","時間有限的練習保留完整 22×30 結構；不可把待查改填 0 或推測值。由資料整理人員補查並記錄實際閱讀並核對日。"
"17","布氏桿菌病","社會安全","職業暴露風險","本次未蒐集：待查「職業暴露風險」的疾病別證據。","WHO Brucellosis https://www.who.int/news-room/fact-sheets/detail/brucellosis","待查：本次未摘錄發布日","待查：依來源實際適用區域標示","時間有限的練習保留完整 22×30 結構；不可把待查改填 0 或推測值。由資料整理人員補查並記錄實際閱讀並核對日。"
"18","恙蟲病","人類","人類致死率（未治療）","本次未蒐集：待查「人類致死率（未治療）」的疾病別證據。","US CDC About Scrub Typhus https://www.cdc.gov/typhus/about/scrub.html","待查：本次未摘錄發布日","待查：依來源實際適用區域標示","時間有限的練習保留完整 22×30 結構；不可把待查改填 0 或推測值。由資料整理人員補查並記錄實際閱讀並核對日。"
"18","恙蟲病","人類","重症或長期失能比例","本次未蒐集：待查「重症或長期失能比例」的疾病別證據。","US CDC About Scrub Typhus https://www.cdc.gov/typhus/about/scrub.html","待查：本次未摘錄發布日","待查：依來源實際適用區域標示","時間有限的練習保留完整 22×30 結構；不可把待查改填 0 或推測值。由資料整理人員補查並記錄實際閱讀並核對日。"
"18","恙蟲病","人類","人類年通報數／發生率","待查：NIDSS 逐病互動查詢，由疾病監測承辦人補。","疾管署 NIDSS 傳染病統計資料查詢系統 https://nidss.cdc.gov.tw/","待查：須記錄實際查詢日","我國","本次未執行逐病互動查詢；待查不代表零。由疾病監測或動物衛生承辦人補，並記錄實際查詢日。"
"18","恙蟲病","人類","人傳人能力","本次未蒐集：待查「人傳人能力」的疾病別證據。","US CDC About Scrub Typhus https://www.cdc.gov/typhus/about/scrub.html","待查：本次未摘錄發布日","待查：依來源實際適用區域標示","時間有限的練習保留完整 22×30 結構；不可把待查改填 0 或推測值。由資料整理人員補查並記錄實際閱讀並核對日。"
"18","恙蟲病","人類","高風險／易感族群衝擊","本次未蒐集：待查「高風險／易感族群衝擊」的疾病別證據。","US CDC About Scrub Typhus https://www.cdc.gov/typhus/about/scrub.html","待查：本次未摘錄發布日","待查：依來源實際適用區域標示","時間有限的練習保留完整 22×30 結構；不可把待查改填 0 或推測值。由資料整理人員補查並記錄實際閱讀並核對日。"
"18","恙蟲病","人類","法定傳染病分類／通報層級","待查：依主管機關現行資料逐病核對。","疾管署／農業部現行法規與公告入口 https://www.cdc.gov.tw/；https://www.moa.gov.tw/","待查：須記錄實際查詢日","我國","本次未執行逐病互動查詢；待查不代表零。由疾病監測或動物衛生承辦人補，並記錄實際查詢日。"
"18","恙蟲病","動物","動物族群致死率","本次未蒐集：待查「動物族群致死率」的疾病別證據。","US CDC About Scrub Typhus https://www.cdc.gov/typhus/about/scrub.html","待查：本次未摘錄發布日","待查：依來源實際適用區域標示","時間有限的練習保留完整 22×30 結構；不可把待查改填 0 或推測值。由資料整理人員補查並記錄實際閱讀並核對日。"
"18","恙蟲病","動物","畜禽生產衝擊","本次未蒐集：待查「畜禽生產衝擊」的疾病別證據。","US CDC About Scrub Typhus https://www.cdc.gov/typhus/about/scrub.html","待查：本次未摘錄發布日","待查：依來源實際適用區域標示","時間有限的練習保留完整 22×30 結構；不可把待查改填 0 或推測值。由資料整理人員補查並記錄實際閱讀並核對日。"
"18","恙蟲病","動物","宿主範圍廣度","本次未蒐集：待查「宿主範圍廣度」的疾病別證據。","US CDC About Scrub Typhus https://www.cdc.gov/typhus/about/scrub.html","待查：本次未摘錄發布日","待查：依來源實際適用區域標示","時間有限的練習保留完整 22×30 結構；不可把待查改填 0 或推測值。由資料整理人員補查並記錄實際閱讀並核對日。"
"18","恙蟲病","動物","WOAH 通報疾病","待查：依 WOAH Terrestrial Animal Health Code 第 1.3 章逐病核對。","WOAH Terrestrial Animal Health Code https://www.woah.org/en/what-we-do/standards/codes-and-manuals/terrestrial-code-online-access/","待查：實際閱讀並核對日","全球","疾病專頁或舊網頁不等於現行 Listed disease；由動物衛生或 WOAH 聯絡窗口補核。"
"18","恙蟲病","動物","國內動物疫情活躍度","待查：依主管機關現行資料逐病核對。","疾管署／農業部現行法規與公告入口 https://www.cdc.gov.tw/；https://www.moa.gov.tw/","待查：須記錄實際查詢日","我國","本次未執行逐病互動查詢；待查不代表零。由疾病監測或動物衛生承辦人補，並記錄實際查詢日。"
"18","恙蟲病","動物","野生動物保毒宿主","本次未蒐集：待查「野生動物保毒宿主」的疾病別證據。","US CDC About Scrub Typhus https://www.cdc.gov/typhus/about/scrub.html","待查：本次未摘錄發布日","待查：依來源實際適用區域標示","時間有限的練習保留完整 22×30 結構；不可把待查改填 0 或推測值。由資料整理人員補查並記錄實際閱讀並核對日。"
"18","恙蟲病","環境","病媒存在與氣候適生性","本次未蒐集：待查「病媒存在與氣候適生性」的疾病別證據。","US CDC About Scrub Typhus https://www.cdc.gov/typhus/about/scrub.html","待查：本次未摘錄發布日","待查：依來源實際適用區域標示","時間有限的練習保留完整 22×30 結構；不可把待查改填 0 或推測值。由資料整理人員補查並記錄實際閱讀並核對日。"
"18","恙蟲病","環境","環境存活／持久性","本次未蒐集：待查「環境存活／持久性」的疾病別證據。","US CDC About Scrub Typhus https://www.cdc.gov/typhus/about/scrub.html","待查：本次未摘錄發布日","待查：依來源實際適用區域標示","時間有限的練習保留完整 22×30 結構；不可把待查改填 0 或推測值。由資料整理人員補查並記錄實際閱讀並核對日。"
"18","恙蟲病","環境","氣候變遷敏感度","本次未蒐集：待查 氣候變遷敏感度 的可比較定義與資料。","US CDC About Scrub Typhus https://www.cdc.gov/typhus/about/scrub.html","待查：本次未摘錄發布日","待查：依來源實際適用區域標示","時間有限的練習保留完整欄位；此格尚未作疾病別查證。由資料整理人員補查並記錄實際閱讀並核對日。"
"18","恙蟲病","環境","跨境／境外移入風險","本次未蒐集：待查 跨境／境外移入風險 的可比較定義與資料。","US CDC About Scrub Typhus https://www.cdc.gov/typhus/about/scrub.html","待查：本次未摘錄發布日","待查：依來源實際適用區域標示","時間有限的練習保留完整欄位；此格尚未作疾病別查證。由資料整理人員補查並記錄實際閱讀並核對日。"
"18","恙蟲病","食安與抗藥性","食品鏈傳播關聯","本次未蒐集：待查 食品鏈傳播關聯 的可比較定義與資料。","US CDC About Scrub Typhus https://www.cdc.gov/typhus/about/scrub.html","待查：本次未摘錄發布日","待查：依來源實際適用區域標示","時間有限的練習保留完整欄位；此格尚未作疾病別查證。由資料整理人員補查並記錄實際閱讀並核對日。"
"18","恙蟲病","食安與抗藥性","抗微生物抗藥性關聯","本次未蒐集：待查 抗微生物抗藥性關聯 的可比較定義與資料。","US CDC About Scrub Typhus https://www.cdc.gov/typhus/about/scrub.html","待查：本次未摘錄發布日","待查：依來源實際適用區域標示","時間有限的練習保留完整欄位；此格尚未作疾病別查證。由資料整理人員補查並記錄實際閱讀並核對日。"
"18","恙蟲病","食安與抗藥性","食安事件頻率","本次未蒐集：待查 食安事件頻率 的可比較定義與資料。","US CDC About Scrub Typhus https://www.cdc.gov/typhus/about/scrub.html","待查：本次未摘錄發布日","待查：依來源實際適用區域標示","時間有限的練習保留完整欄位；此格尚未作疾病別查證。由資料整理人員補查並記錄實際閱讀並核對日。"
"18","恙蟲病","防治能力與資源","人用疫苗","本次未蒐集：待查「人用疫苗」的疾病別證據。","US CDC About Scrub Typhus https://www.cdc.gov/typhus/about/scrub.html","待查：本次未摘錄發布日","待查：依來源實際適用區域標示","時間有限的練習保留完整 22×30 結構；不可把待查改填 0 或推測值。由資料整理人員補查並記錄實際閱讀並核對日。"
"18","恙蟲病","防治能力與資源","動物疫苗","本次未蒐集：待查「動物疫苗」的疾病別證據。","US CDC About Scrub Typhus https://www.cdc.gov/typhus/about/scrub.html","待查：本次未摘錄發布日","待查：依來源實際適用區域標示","時間有限的練習保留完整 22×30 結構；不可把待查改填 0 或推測值。由資料整理人員補查並記錄實際閱讀並核對日。"
"18","恙蟲病","防治能力與資源","人用有效治療","本次未蒐集：待查「人用有效治療」的疾病別證據。","US CDC About Scrub Typhus https://www.cdc.gov/typhus/about/scrub.html","待查：本次未摘錄發布日","待查：依來源實際適用區域標示","時間有限的練習保留完整 22×30 結構；不可把待查改填 0 或推測值。由資料整理人員補查並記錄實際閱讀並核對日。"
"18","恙蟲病","防治能力與資源","實驗室診斷能力與資源","本次未蒐集：待查「實驗室診斷能力與資源」的疾病別證據。","US CDC About Scrub Typhus https://www.cdc.gov/typhus/about/scrub.html","待查：本次未摘錄發布日","待查：依來源實際適用區域標示","時間有限的練習保留完整 22×30 結構；不可把待查改填 0 或推測值。由資料整理人員補查並記錄實際閱讀並核對日。"
"18","恙蟲病","防治能力與資源","兩部門監測能力與資源","待補資料（補齊前不計分）：本次不評核，不能由公開頁面推論兩部門整合能力與資源。","疾管署與農業部官方入口（僅供負責單位循核准流程補件） https://www.cdc.gov.tw/；https://www.moa.gov.tw/","不適用（本次不評核）","我國","2026-09-10 演練討論結果：本次工作坊不使用此欄評分；不宣稱所有能力與資源資料均非公開，只是不以零散公開資訊推定內部整合能力與資源。由疾管署與農業部負責人員依核准流程補。"
"18","恙蟲病","防治能力與資源","防治可行性（綜合）","本次未蒐集：待查「防治可行性（綜合）」的疾病別證據。","US CDC About Scrub Typhus https://www.cdc.gov/typhus/about/scrub.html","待查：本次未摘錄發布日","待查：依來源實際適用區域標示","時間有限的練習保留完整 22×30 結構；不可把待查改填 0 或推測值。由資料整理人員補查並記錄實際閱讀並核對日。"
"18","恙蟲病","防治能力與資源","跨部門合作現況","本次未蒐集：待查「跨部門合作現況」的疾病別證據。","US CDC About Scrub Typhus https://www.cdc.gov/typhus/about/scrub.html","待查：本次未摘錄發布日","待查：依來源實際適用區域標示","時間有限的練習保留完整 22×30 結構；不可把待查改填 0 或推測值。由資料整理人員補查並記錄實際閱讀並核對日。"
"18","恙蟲病","社會安全","生物恐怖／管制病原","本次未蒐集：待查「生物恐怖／管制病原」的疾病別證據。","US CDC About Scrub Typhus https://www.cdc.gov/typhus/about/scrub.html","待查：本次未摘錄發布日","待查：依來源實際適用區域標示","時間有限的練習保留完整 22×30 結構；不可把待查改填 0 或推測值。由資料整理人員補查並記錄實際閱讀並核對日。"
"18","恙蟲病","社會安全","經濟總負擔","本次未蒐集：待查「經濟總負擔」的疾病別證據。","US CDC About Scrub Typhus https://www.cdc.gov/typhus/about/scrub.html","待查：本次未摘錄發布日","待查：依來源實際適用區域標示","時間有限的練習保留完整 22×30 結構；不可把待查改填 0 或推測值。由資料整理人員補查並記錄實際閱讀並核對日。"
"18","恙蟲病","社會安全","社會關注／媒體顯著度","本次未蒐集：待查「社會關注／媒體顯著度」的疾病別證據。","US CDC About Scrub Typhus https://www.cdc.gov/typhus/about/scrub.html","待查：本次未摘錄發布日","待查：依來源實際適用區域標示","時間有限的練習保留完整 22×30 結構；不可把待查改填 0 或推測值。由資料整理人員補查並記錄實際閱讀並核對日。"
"18","恙蟲病","社會安全","職業暴露風險","本次未蒐集：待查「職業暴露風險」的疾病別證據。","US CDC About Scrub Typhus https://www.cdc.gov/typhus/about/scrub.html","待查：本次未摘錄發布日","待查：依來源實際適用區域標示","時間有限的練習保留完整 22×30 結構；不可把待查改填 0 或推測值。由資料整理人員補查並記錄實際閱讀並核對日。"
"19","地方性斑疹傷寒","人類","人類致死率（未治療）","本次未蒐集：待查「人類致死率（未治療）」的疾病別證據。","US CDC About Flea-borne Typhus https://www.cdc.gov/typhus/about/murine.html","待查：本次未摘錄發布日","待查：依來源實際適用區域標示","時間有限的練習保留完整 22×30 結構；不可把待查改填 0 或推測值。由資料整理人員補查並記錄實際閱讀並核對日。"
"19","地方性斑疹傷寒","人類","重症或長期失能比例","本次未蒐集：待查「重症或長期失能比例」的疾病別證據。","US CDC About Flea-borne Typhus https://www.cdc.gov/typhus/about/murine.html","待查：本次未摘錄發布日","待查：依來源實際適用區域標示","時間有限的練習保留完整 22×30 結構；不可把待查改填 0 或推測值。由資料整理人員補查並記錄實際閱讀並核對日。"
"19","地方性斑疹傷寒","人類","人類年通報數／發生率","待查：NIDSS 逐病互動查詢，由疾病監測承辦人補。","疾管署 NIDSS 傳染病統計資料查詢系統 https://nidss.cdc.gov.tw/","待查：須記錄實際查詢日","我國","本次未執行逐病互動查詢；待查不代表零。由疾病監測或動物衛生承辦人補，並記錄實際查詢日。"
"19","地方性斑疹傷寒","人類","人傳人能力","本次未蒐集：待查「人傳人能力」的疾病別證據。","US CDC About Flea-borne Typhus https://www.cdc.gov/typhus/about/murine.html","待查：本次未摘錄發布日","待查：依來源實際適用區域標示","時間有限的練習保留完整 22×30 結構；不可把待查改填 0 或推測值。由資料整理人員補查並記錄實際閱讀並核對日。"
"19","地方性斑疹傷寒","人類","高風險／易感族群衝擊","本次未蒐集：待查「高風險／易感族群衝擊」的疾病別證據。","US CDC About Flea-borne Typhus https://www.cdc.gov/typhus/about/murine.html","待查：本次未摘錄發布日","待查：依來源實際適用區域標示","時間有限的練習保留完整 22×30 結構；不可把待查改填 0 或推測值。由資料整理人員補查並記錄實際閱讀並核對日。"
"19","地方性斑疹傷寒","人類","法定傳染病分類／通報層級","待查：依主管機關現行資料逐病核對。","疾管署／農業部現行法規與公告入口 https://www.cdc.gov.tw/；https://www.moa.gov.tw/","待查：須記錄實際查詢日","我國","本次未執行逐病互動查詢；待查不代表零。由疾病監測或動物衛生承辦人補，並記錄實際查詢日。"
"19","地方性斑疹傷寒","動物","動物族群致死率","本次未蒐集：待查「動物族群致死率」的疾病別證據。","US CDC About Flea-borne Typhus https://www.cdc.gov/typhus/about/murine.html","待查：本次未摘錄發布日","待查：依來源實際適用區域標示","時間有限的練習保留完整 22×30 結構；不可把待查改填 0 或推測值。由資料整理人員補查並記錄實際閱讀並核對日。"
"19","地方性斑疹傷寒","動物","畜禽生產衝擊","本次未蒐集：待查「畜禽生產衝擊」的疾病別證據。","US CDC About Flea-borne Typhus https://www.cdc.gov/typhus/about/murine.html","待查：本次未摘錄發布日","待查：依來源實際適用區域標示","時間有限的練習保留完整 22×30 結構；不可把待查改填 0 或推測值。由資料整理人員補查並記錄實際閱讀並核對日。"
"19","地方性斑疹傷寒","動物","宿主範圍廣度","本次未蒐集：待查「宿主範圍廣度」的疾病別證據。","US CDC About Flea-borne Typhus https://www.cdc.gov/typhus/about/murine.html","待查：本次未摘錄發布日","待查：依來源實際適用區域標示","時間有限的練習保留完整 22×30 結構；不可把待查改填 0 或推測值。由資料整理人員補查並記錄實際閱讀並核對日。"
"19","地方性斑疹傷寒","動物","WOAH 通報疾病","待查：依 WOAH Terrestrial Animal Health Code 第 1.3 章逐病核對。","WOAH Terrestrial Animal Health Code https://www.woah.org/en/what-we-do/standards/codes-and-manuals/terrestrial-code-online-access/","待查：實際閱讀並核對日","全球","疾病專頁或舊網頁不等於現行 Listed disease；由動物衛生或 WOAH 聯絡窗口補核。"
"19","地方性斑疹傷寒","動物","國內動物疫情活躍度","待查：依主管機關現行資料逐病核對。","疾管署／農業部現行法規與公告入口 https://www.cdc.gov.tw/；https://www.moa.gov.tw/","待查：須記錄實際查詢日","我國","本次未執行逐病互動查詢；待查不代表零。由疾病監測或動物衛生承辦人補，並記錄實際查詢日。"
"19","地方性斑疹傷寒","動物","野生動物保毒宿主","本次未蒐集：待查「野生動物保毒宿主」的疾病別證據。","US CDC About Flea-borne Typhus https://www.cdc.gov/typhus/about/murine.html","待查：本次未摘錄發布日","待查：依來源實際適用區域標示","時間有限的練習保留完整 22×30 結構；不可把待查改填 0 或推測值。由資料整理人員補查並記錄實際閱讀並核對日。"
"19","地方性斑疹傷寒","環境","病媒存在與氣候適生性","本次未蒐集：待查「病媒存在與氣候適生性」的疾病別證據。","US CDC About Flea-borne Typhus https://www.cdc.gov/typhus/about/murine.html","待查：本次未摘錄發布日","待查：依來源實際適用區域標示","時間有限的練習保留完整 22×30 結構；不可把待查改填 0 或推測值。由資料整理人員補查並記錄實際閱讀並核對日。"
"19","地方性斑疹傷寒","環境","環境存活／持久性","本次未蒐集：待查「環境存活／持久性」的疾病別證據。","US CDC About Flea-borne Typhus https://www.cdc.gov/typhus/about/murine.html","待查：本次未摘錄發布日","待查：依來源實際適用區域標示","時間有限的練習保留完整 22×30 結構；不可把待查改填 0 或推測值。由資料整理人員補查並記錄實際閱讀並核對日。"
"19","地方性斑疹傷寒","環境","氣候變遷敏感度","本次未蒐集：待查 氣候變遷敏感度 的可比較定義與資料。","US CDC About Flea-borne Typhus https://www.cdc.gov/typhus/about/murine.html","待查：本次未摘錄發布日","待查：依來源實際適用區域標示","時間有限的練習保留完整欄位；此格尚未作疾病別查證。由資料整理人員補查並記錄實際閱讀並核對日。"
"19","地方性斑疹傷寒","環境","跨境／境外移入風險","本次未蒐集：待查 跨境／境外移入風險 的可比較定義與資料。","US CDC About Flea-borne Typhus https://www.cdc.gov/typhus/about/murine.html","待查：本次未摘錄發布日","待查：依來源實際適用區域標示","時間有限的練習保留完整欄位；此格尚未作疾病別查證。由資料整理人員補查並記錄實際閱讀並核對日。"
"19","地方性斑疹傷寒","食安與抗藥性","食品鏈傳播關聯","本次未蒐集：待查 食品鏈傳播關聯 的可比較定義與資料。","US CDC About Flea-borne Typhus https://www.cdc.gov/typhus/about/murine.html","待查：本次未摘錄發布日","待查：依來源實際適用區域標示","時間有限的練習保留完整欄位；此格尚未作疾病別查證。由資料整理人員補查並記錄實際閱讀並核對日。"
"19","地方性斑疹傷寒","食安與抗藥性","抗微生物抗藥性關聯","本次未蒐集：待查 抗微生物抗藥性關聯 的可比較定義與資料。","US CDC About Flea-borne Typhus https://www.cdc.gov/typhus/about/murine.html","待查：本次未摘錄發布日","待查：依來源實際適用區域標示","時間有限的練習保留完整欄位；此格尚未作疾病別查證。由資料整理人員補查並記錄實際閱讀並核對日。"
"19","地方性斑疹傷寒","食安與抗藥性","食安事件頻率","本次未蒐集：待查 食安事件頻率 的可比較定義與資料。","US CDC About Flea-borne Typhus https://www.cdc.gov/typhus/about/murine.html","待查：本次未摘錄發布日","待查：依來源實際適用區域標示","時間有限的練習保留完整欄位；此格尚未作疾病別查證。由資料整理人員補查並記錄實際閱讀並核對日。"
"19","地方性斑疹傷寒","防治能力與資源","人用疫苗","本次未蒐集：待查「人用疫苗」的疾病別證據。","US CDC About Flea-borne Typhus https://www.cdc.gov/typhus/about/murine.html","待查：本次未摘錄發布日","待查：依來源實際適用區域標示","時間有限的練習保留完整 22×30 結構；不可把待查改填 0 或推測值。由資料整理人員補查並記錄實際閱讀並核對日。"
"19","地方性斑疹傷寒","防治能力與資源","動物疫苗","本次未蒐集：待查「動物疫苗」的疾病別證據。","US CDC About Flea-borne Typhus https://www.cdc.gov/typhus/about/murine.html","待查：本次未摘錄發布日","待查：依來源實際適用區域標示","時間有限的練習保留完整 22×30 結構；不可把待查改填 0 或推測值。由資料整理人員補查並記錄實際閱讀並核對日。"
"19","地方性斑疹傷寒","防治能力與資源","人用有效治療","本次未蒐集：待查「人用有效治療」的疾病別證據。","US CDC About Flea-borne Typhus https://www.cdc.gov/typhus/about/murine.html","待查：本次未摘錄發布日","待查：依來源實際適用區域標示","時間有限的練習保留完整 22×30 結構；不可把待查改填 0 或推測值。由資料整理人員補查並記錄實際閱讀並核對日。"
"19","地方性斑疹傷寒","防治能力與資源","實驗室診斷能力與資源","本次未蒐集：待查「實驗室診斷能力與資源」的疾病別證據。","US CDC About Flea-borne Typhus https://www.cdc.gov/typhus/about/murine.html","待查：本次未摘錄發布日","待查：依來源實際適用區域標示","時間有限的練習保留完整 22×30 結構；不可把待查改填 0 或推測值。由資料整理人員補查並記錄實際閱讀並核對日。"
"19","地方性斑疹傷寒","防治能力與資源","兩部門監測能力與資源","待補資料（補齊前不計分）：本次不評核，不能由公開頁面推論兩部門整合能力與資源。","疾管署與農業部官方入口（僅供負責單位循核准流程補件） https://www.cdc.gov.tw/；https://www.moa.gov.tw/","不適用（本次不評核）","我國","2026-09-10 演練討論結果：本次工作坊不使用此欄評分；不宣稱所有能力與資源資料均非公開，只是不以零散公開資訊推定內部整合能力與資源。由疾管署與農業部負責人員依核准流程補。"
"19","地方性斑疹傷寒","防治能力與資源","防治可行性（綜合）","本次未蒐集：待查「防治可行性（綜合）」的疾病別證據。","US CDC About Flea-borne Typhus https://www.cdc.gov/typhus/about/murine.html","待查：本次未摘錄發布日","待查：依來源實際適用區域標示","時間有限的練習保留完整 22×30 結構；不可把待查改填 0 或推測值。由資料整理人員補查並記錄實際閱讀並核對日。"
"19","地方性斑疹傷寒","防治能力與資源","跨部門合作現況","本次未蒐集：待查「跨部門合作現況」的疾病別證據。","US CDC About Flea-borne Typhus https://www.cdc.gov/typhus/about/murine.html","待查：本次未摘錄發布日","待查：依來源實際適用區域標示","時間有限的練習保留完整 22×30 結構；不可把待查改填 0 或推測值。由資料整理人員補查並記錄實際閱讀並核對日。"
"19","地方性斑疹傷寒","社會安全","生物恐怖／管制病原","本次未蒐集：待查「生物恐怖／管制病原」的疾病別證據。","US CDC About Flea-borne Typhus https://www.cdc.gov/typhus/about/murine.html","待查：本次未摘錄發布日","待查：依來源實際適用區域標示","時間有限的練習保留完整 22×30 結構；不可把待查改填 0 或推測值。由資料整理人員補查並記錄實際閱讀並核對日。"
"19","地方性斑疹傷寒","社會安全","經濟總負擔","本次未蒐集：待查「經濟總負擔」的疾病別證據。","US CDC About Flea-borne Typhus https://www.cdc.gov/typhus/about/murine.html","待查：本次未摘錄發布日","待查：依來源實際適用區域標示","時間有限的練習保留完整 22×30 結構；不可把待查改填 0 或推測值。由資料整理人員補查並記錄實際閱讀並核對日。"
"19","地方性斑疹傷寒","社會安全","社會關注／媒體顯著度","本次未蒐集：待查「社會關注／媒體顯著度」的疾病別證據。","US CDC About Flea-borne Typhus https://www.cdc.gov/typhus/about/murine.html","待查：本次未摘錄發布日","待查：依來源實際適用區域標示","時間有限的練習保留完整 22×30 結構；不可把待查改填 0 或推測值。由資料整理人員補查並記錄實際閱讀並核對日。"
"19","地方性斑疹傷寒","社會安全","職業暴露風險","本次未蒐集：待查「職業暴露風險」的疾病別證據。","US CDC About Flea-borne Typhus https://www.cdc.gov/typhus/about/murine.html","待查：本次未摘錄發布日","待查：依來源實際適用區域標示","時間有限的練習保留完整 22×30 結構；不可把待查改填 0 或推測值。由資料整理人員補查並記錄實際閱讀並核對日。"
"20","發熱伴血小板減少綜合症","人類","人類致死率（未治療）","本次未蒐集：待查「人類致死率（未治療）」的疾病別證據。","Direct Transmission of Severe Fever with Thrombocytopenia Syndrome Virus from Domestic Cat to Veterinary Personnel, Emerging Infectious Diseases https://wwwnc.cdc.gov/eid/article/26/12/19-1513_article","2020-12","待查：依來源實際適用區域標示","時間有限的練習保留完整 22×30 結構；不可把待查改填 0 或推測值。由資料整理人員補查並記錄實際閱讀並核對日。"
"20","發熱伴血小板減少綜合症","人類","重症或長期失能比例","本次未蒐集：待查「重症或長期失能比例」的疾病別證據。","Direct Transmission of Severe Fever with Thrombocytopenia Syndrome Virus from Domestic Cat to Veterinary Personnel, Emerging Infectious Diseases https://wwwnc.cdc.gov/eid/article/26/12/19-1513_article","2020-12","待查：依來源實際適用區域標示","時間有限的練習保留完整 22×30 結構；不可把待查改填 0 或推測值。由資料整理人員補查並記錄實際閱讀並核對日。"
"20","發熱伴血小板減少綜合症","人類","人類年通報數／發生率","待查：NIDSS 逐病互動查詢，由疾病監測承辦人補。","疾管署 NIDSS 傳染病統計資料查詢系統 https://nidss.cdc.gov.tw/","待查：須記錄實際查詢日","我國","本次未執行逐病互動查詢；待查不代表零。由疾病監測或動物衛生承辦人補，並記錄實際查詢日。"
"20","發熱伴血小板減少綜合症","人類","人傳人能力","本次未蒐集：待查「人傳人能力」的疾病別證據。","Direct Transmission of Severe Fever with Thrombocytopenia Syndrome Virus from Domestic Cat to Veterinary Personnel, Emerging Infectious Diseases https://wwwnc.cdc.gov/eid/article/26/12/19-1513_article","2020-12","待查：依來源實際適用區域標示","時間有限的練習保留完整 22×30 結構；不可把待查改填 0 或推測值。由資料整理人員補查並記錄實際閱讀並核對日。"
"20","發熱伴血小板減少綜合症","人類","高風險／易感族群衝擊","本次未蒐集：待查「高風險／易感族群衝擊」的疾病別證據。","Direct Transmission of Severe Fever with Thrombocytopenia Syndrome Virus from Domestic Cat to Veterinary Personnel, Emerging Infectious Diseases https://wwwnc.cdc.gov/eid/article/26/12/19-1513_article","2020-12","待查：依來源實際適用區域標示","時間有限的練習保留完整 22×30 結構；不可把待查改填 0 或推測值。由資料整理人員補查並記錄實際閱讀並核對日。"
"20","發熱伴血小板減少綜合症","人類","法定傳染病分類／通報層級","待查：依主管機關現行資料逐病核對。","疾管署／農業部現行法規與公告入口 https://www.cdc.gov.tw/；https://www.moa.gov.tw/","待查：須記錄實際查詢日","我國","本次未執行逐病互動查詢；待查不代表零。由疾病監測或動物衛生承辦人補，並記錄實際查詢日。"
"20","發熱伴血小板減少綜合症","動物","動物族群致死率","本次未蒐集：待查「動物族群致死率」的疾病別證據。","Direct Transmission of Severe Fever with Thrombocytopenia Syndrome Virus from Domestic Cat to Veterinary Personnel, Emerging Infectious Diseases https://wwwnc.cdc.gov/eid/article/26/12/19-1513_article","2020-12","待查：依來源實際適用區域標示","時間有限的練習保留完整 22×30 結構；不可把待查改填 0 或推測值。由資料整理人員補查並記錄實際閱讀並核對日。"
"20","發熱伴血小板減少綜合症","動物","畜禽生產衝擊","本次未蒐集：待查「畜禽生產衝擊」的疾病別證據。","Direct Transmission of Severe Fever with Thrombocytopenia Syndrome Virus from Domestic Cat to Veterinary Personnel, Emerging Infectious Diseases https://wwwnc.cdc.gov/eid/article/26/12/19-1513_article","2020-12","待查：依來源實際適用區域標示","時間有限的練習保留完整 22×30 結構；不可把待查改填 0 或推測值。由資料整理人員補查並記錄實際閱讀並核對日。"
"20","發熱伴血小板減少綜合症","動物","宿主範圍廣度","本次未蒐集：待查「宿主範圍廣度」的疾病別證據。","Direct Transmission of Severe Fever with Thrombocytopenia Syndrome Virus from Domestic Cat to Veterinary Personnel, Emerging Infectious Diseases https://wwwnc.cdc.gov/eid/article/26/12/19-1513_article","2020-12","待查：依來源實際適用區域標示","時間有限的練習保留完整 22×30 結構；不可把待查改填 0 或推測值。由資料整理人員補查並記錄實際閱讀並核對日。"
"20","發熱伴血小板減少綜合症","動物","WOAH 通報疾病","待查：依 WOAH Terrestrial Animal Health Code 第 1.3 章逐病核對。","WOAH Terrestrial Animal Health Code https://www.woah.org/en/what-we-do/standards/codes-and-manuals/terrestrial-code-online-access/","待查：實際閱讀並核對日","全球","疾病專頁或舊網頁不等於現行 Listed disease；由動物衛生或 WOAH 聯絡窗口補核。"
"20","發熱伴血小板減少綜合症","動物","國內動物疫情活躍度","待查：依主管機關現行資料逐病核對。","疾管署／農業部現行法規與公告入口 https://www.cdc.gov.tw/；https://www.moa.gov.tw/","待查：須記錄實際查詢日","我國","本次未執行逐病互動查詢；待查不代表零。由疾病監測或動物衛生承辦人補，並記錄實際查詢日。"
"20","發熱伴血小板減少綜合症","動物","野生動物保毒宿主","本次未蒐集：待查「野生動物保毒宿主」的疾病別證據。","Direct Transmission of Severe Fever with Thrombocytopenia Syndrome Virus from Domestic Cat to Veterinary Personnel, Emerging Infectious Diseases https://wwwnc.cdc.gov/eid/article/26/12/19-1513_article","2020-12","待查：依來源實際適用區域標示","時間有限的練習保留完整 22×30 結構；不可把待查改填 0 或推測值。由資料整理人員補查並記錄實際閱讀並核對日。"
"20","發熱伴血小板減少綜合症","環境","病媒存在與氣候適生性","本次未蒐集：待查「病媒存在與氣候適生性」的疾病別證據。","Direct Transmission of Severe Fever with Thrombocytopenia Syndrome Virus from Domestic Cat to Veterinary Personnel, Emerging Infectious Diseases https://wwwnc.cdc.gov/eid/article/26/12/19-1513_article","2020-12","待查：依來源實際適用區域標示","時間有限的練習保留完整 22×30 結構；不可把待查改填 0 或推測值。由資料整理人員補查並記錄實際閱讀並核對日。"
"20","發熱伴血小板減少綜合症","環境","環境存活／持久性","本次未蒐集：待查「環境存活／持久性」的疾病別證據。","Direct Transmission of Severe Fever with Thrombocytopenia Syndrome Virus from Domestic Cat to Veterinary Personnel, Emerging Infectious Diseases https://wwwnc.cdc.gov/eid/article/26/12/19-1513_article","2020-12","待查：依來源實際適用區域標示","時間有限的練習保留完整 22×30 結構；不可把待查改填 0 或推測值。由資料整理人員補查並記錄實際閱讀並核對日。"
"20","發熱伴血小板減少綜合症","環境","氣候變遷敏感度","本次未蒐集：待查 氣候變遷敏感度 的可比較定義與資料。","Direct Transmission of Severe Fever with Thrombocytopenia Syndrome Virus from Domestic Cat to Veterinary Personnel, Emerging Infectious Diseases https://wwwnc.cdc.gov/eid/article/26/12/19-1513_article","2020-12","待查：依來源實際適用區域標示","時間有限的練習保留完整欄位；此格尚未作疾病別查證。由資料整理人員補查並記錄實際閱讀並核對日。"
"20","發熱伴血小板減少綜合症","環境","跨境／境外移入風險","本次未蒐集：待查 跨境／境外移入風險 的可比較定義與資料。","Direct Transmission of Severe Fever with Thrombocytopenia Syndrome Virus from Domestic Cat to Veterinary Personnel, Emerging Infectious Diseases https://wwwnc.cdc.gov/eid/article/26/12/19-1513_article","2020-12","待查：依來源實際適用區域標示","時間有限的練習保留完整欄位；此格尚未作疾病別查證。由資料整理人員補查並記錄實際閱讀並核對日。"
"20","發熱伴血小板減少綜合症","食安與抗藥性","食品鏈傳播關聯","本次未蒐集：待查 食品鏈傳播關聯 的可比較定義與資料。","Direct Transmission of Severe Fever with Thrombocytopenia Syndrome Virus from Domestic Cat to Veterinary Personnel, Emerging Infectious Diseases https://wwwnc.cdc.gov/eid/article/26/12/19-1513_article","2020-12","待查：依來源實際適用區域標示","時間有限的練習保留完整欄位；此格尚未作疾病別查證。由資料整理人員補查並記錄實際閱讀並核對日。"
"20","發熱伴血小板減少綜合症","食安與抗藥性","抗微生物抗藥性關聯","本次未蒐集：待查 抗微生物抗藥性關聯 的可比較定義與資料。","Direct Transmission of Severe Fever with Thrombocytopenia Syndrome Virus from Domestic Cat to Veterinary Personnel, Emerging Infectious Diseases https://wwwnc.cdc.gov/eid/article/26/12/19-1513_article","2020-12","待查：依來源實際適用區域標示","時間有限的練習保留完整欄位；此格尚未作疾病別查證。由資料整理人員補查並記錄實際閱讀並核對日。"
"20","發熱伴血小板減少綜合症","食安與抗藥性","食安事件頻率","本次未蒐集：待查 食安事件頻率 的可比較定義與資料。","Direct Transmission of Severe Fever with Thrombocytopenia Syndrome Virus from Domestic Cat to Veterinary Personnel, Emerging Infectious Diseases https://wwwnc.cdc.gov/eid/article/26/12/19-1513_article","2020-12","待查：依來源實際適用區域標示","時間有限的練習保留完整欄位；此格尚未作疾病別查證。由資料整理人員補查並記錄實際閱讀並核對日。"
"20","發熱伴血小板減少綜合症","防治能力與資源","人用疫苗","本次未蒐集：待查「人用疫苗」的疾病別證據。","Direct Transmission of Severe Fever with Thrombocytopenia Syndrome Virus from Domestic Cat to Veterinary Personnel, Emerging Infectious Diseases https://wwwnc.cdc.gov/eid/article/26/12/19-1513_article","2020-12","待查：依來源實際適用區域標示","時間有限的練習保留完整 22×30 結構；不可把待查改填 0 或推測值。由資料整理人員補查並記錄實際閱讀並核對日。"
"20","發熱伴血小板減少綜合症","防治能力與資源","動物疫苗","本次未蒐集：待查「動物疫苗」的疾病別證據。","Direct Transmission of Severe Fever with Thrombocytopenia Syndrome Virus from Domestic Cat to Veterinary Personnel, Emerging Infectious Diseases https://wwwnc.cdc.gov/eid/article/26/12/19-1513_article","2020-12","待查：依來源實際適用區域標示","時間有限的練習保留完整 22×30 結構；不可把待查改填 0 或推測值。由資料整理人員補查並記錄實際閱讀並核對日。"
"20","發熱伴血小板減少綜合症","防治能力與資源","人用有效治療","本次未蒐集：待查「人用有效治療」的疾病別證據。","Direct Transmission of Severe Fever with Thrombocytopenia Syndrome Virus from Domestic Cat to Veterinary Personnel, Emerging Infectious Diseases https://wwwnc.cdc.gov/eid/article/26/12/19-1513_article","2020-12","待查：依來源實際適用區域標示","時間有限的練習保留完整 22×30 結構；不可把待查改填 0 或推測值。由資料整理人員補查並記錄實際閱讀並核對日。"
"20","發熱伴血小板減少綜合症","防治能力與資源","實驗室診斷能力與資源","本次未蒐集：待查「實驗室診斷能力與資源」的疾病別證據。","Direct Transmission of Severe Fever with Thrombocytopenia Syndrome Virus from Domestic Cat to Veterinary Personnel, Emerging Infectious Diseases https://wwwnc.cdc.gov/eid/article/26/12/19-1513_article","2020-12","待查：依來源實際適用區域標示","時間有限的練習保留完整 22×30 結構；不可把待查改填 0 或推測值。由資料整理人員補查並記錄實際閱讀並核對日。"
"20","發熱伴血小板減少綜合症","防治能力與資源","兩部門監測能力與資源","待補資料（補齊前不計分）：本次不評核，不能由公開頁面推論兩部門整合能力與資源。","疾管署與農業部官方入口（僅供負責單位循核准流程補件） https://www.cdc.gov.tw/；https://www.moa.gov.tw/","不適用（本次不評核）","我國","2026-09-10 演練討論結果：本次工作坊不使用此欄評分；不宣稱所有能力與資源資料均非公開，只是不以零散公開資訊推定內部整合能力與資源。由疾管署與農業部負責人員依核准流程補。"
"20","發熱伴血小板減少綜合症","防治能力與資源","防治可行性（綜合）","本次未蒐集：待查「防治可行性（綜合）」的疾病別證據。","Direct Transmission of Severe Fever with Thrombocytopenia Syndrome Virus from Domestic Cat to Veterinary Personnel, Emerging Infectious Diseases https://wwwnc.cdc.gov/eid/article/26/12/19-1513_article","2020-12","待查：依來源實際適用區域標示","時間有限的練習保留完整 22×30 結構；不可把待查改填 0 或推測值。由資料整理人員補查並記錄實際閱讀並核對日。"
"20","發熱伴血小板減少綜合症","防治能力與資源","跨部門合作現況","本次未蒐集：待查「跨部門合作現況」的疾病別證據。","Direct Transmission of Severe Fever with Thrombocytopenia Syndrome Virus from Domestic Cat to Veterinary Personnel, Emerging Infectious Diseases https://wwwnc.cdc.gov/eid/article/26/12/19-1513_article","2020-12","待查：依來源實際適用區域標示","時間有限的練習保留完整 22×30 結構；不可把待查改填 0 或推測值。由資料整理人員補查並記錄實際閱讀並核對日。"
"20","發熱伴血小板減少綜合症","社會安全","生物恐怖／管制病原","本次未蒐集：待查「生物恐怖／管制病原」的疾病別證據。","Direct Transmission of Severe Fever with Thrombocytopenia Syndrome Virus from Domestic Cat to Veterinary Personnel, Emerging Infectious Diseases https://wwwnc.cdc.gov/eid/article/26/12/19-1513_article","2020-12","待查：依來源實際適用區域標示","時間有限的練習保留完整 22×30 結構；不可把待查改填 0 或推測值。由資料整理人員補查並記錄實際閱讀並核對日。"
"20","發熱伴血小板減少綜合症","社會安全","經濟總負擔","本次未蒐集：待查「經濟總負擔」的疾病別證據。","Direct Transmission of Severe Fever with Thrombocytopenia Syndrome Virus from Domestic Cat to Veterinary Personnel, Emerging Infectious Diseases https://wwwnc.cdc.gov/eid/article/26/12/19-1513_article","2020-12","待查：依來源實際適用區域標示","時間有限的練習保留完整 22×30 結構；不可把待查改填 0 或推測值。由資料整理人員補查並記錄實際閱讀並核對日。"
"20","發熱伴血小板減少綜合症","社會安全","社會關注／媒體顯著度","本次未蒐集：待查「社會關注／媒體顯著度」的疾病別證據。","Direct Transmission of Severe Fever with Thrombocytopenia Syndrome Virus from Domestic Cat to Veterinary Personnel, Emerging Infectious Diseases https://wwwnc.cdc.gov/eid/article/26/12/19-1513_article","2020-12","待查：依來源實際適用區域標示","時間有限的練習保留完整 22×30 結構；不可把待查改填 0 或推測值。由資料整理人員補查並記錄實際閱讀並核對日。"
"20","發熱伴血小板減少綜合症","社會安全","職業暴露風險","本次未蒐集：待查「職業暴露風險」的疾病別證據。","Direct Transmission of Severe Fever with Thrombocytopenia Syndrome Virus from Domestic Cat to Veterinary Personnel, Emerging Infectious Diseases https://wwwnc.cdc.gov/eid/article/26/12/19-1513_article","2020-12","待查：依來源實際適用區域標示","時間有限的練習保留完整 22×30 結構；不可把待查改填 0 或推測值。由資料整理人員補查並記錄實際閱讀並核對日。"
"21","萊姆病","人類","人類致死率（未治療）","本次未蒐集：待查「人類致死率（未治療）」的疾病別證據。","US CDC About Lyme Disease https://www.cdc.gov/lyme/about/index.html","待查：本次未摘錄發布日","待查：依來源實際適用區域標示","時間有限的練習保留完整 22×30 結構；不可把待查改填 0 或推測值。由資料整理人員補查並記錄實際閱讀並核對日。"
"21","萊姆病","人類","重症或長期失能比例","本次未蒐集：待查「重症或長期失能比例」的疾病別證據。","US CDC About Lyme Disease https://www.cdc.gov/lyme/about/index.html","待查：本次未摘錄發布日","待查：依來源實際適用區域標示","時間有限的練習保留完整 22×30 結構；不可把待查改填 0 或推測值。由資料整理人員補查並記錄實際閱讀並核對日。"
"21","萊姆病","人類","人類年通報數／發生率","待查：NIDSS 逐病互動查詢，由疾病監測承辦人補。","疾管署 NIDSS 傳染病統計資料查詢系統 https://nidss.cdc.gov.tw/","待查：須記錄實際查詢日","我國","本次未執行逐病互動查詢；待查不代表零。由疾病監測或動物衛生承辦人補，並記錄實際查詢日。"
"21","萊姆病","人類","人傳人能力","本次未蒐集：待查「人傳人能力」的疾病別證據。","US CDC About Lyme Disease https://www.cdc.gov/lyme/about/index.html","待查：本次未摘錄發布日","待查：依來源實際適用區域標示","時間有限的練習保留完整 22×30 結構；不可把待查改填 0 或推測值。由資料整理人員補查並記錄實際閱讀並核對日。"
"21","萊姆病","人類","高風險／易感族群衝擊","本次未蒐集：待查「高風險／易感族群衝擊」的疾病別證據。","US CDC About Lyme Disease https://www.cdc.gov/lyme/about/index.html","待查：本次未摘錄發布日","待查：依來源實際適用區域標示","時間有限的練習保留完整 22×30 結構；不可把待查改填 0 或推測值。由資料整理人員補查並記錄實際閱讀並核對日。"
"21","萊姆病","人類","法定傳染病分類／通報層級","待查：依主管機關現行資料逐病核對。","疾管署／農業部現行法規與公告入口 https://www.cdc.gov.tw/；https://www.moa.gov.tw/","待查：須記錄實際查詢日","我國","本次未執行逐病互動查詢；待查不代表零。由疾病監測或動物衛生承辦人補，並記錄實際查詢日。"
"21","萊姆病","動物","動物族群致死率","本次未蒐集：待查「動物族群致死率」的疾病別證據。","US CDC About Lyme Disease https://www.cdc.gov/lyme/about/index.html","待查：本次未摘錄發布日","待查：依來源實際適用區域標示","時間有限的練習保留完整 22×30 結構；不可把待查改填 0 或推測值。由資料整理人員補查並記錄實際閱讀並核對日。"
"21","萊姆病","動物","畜禽生產衝擊","本次未蒐集：待查「畜禽生產衝擊」的疾病別證據。","US CDC About Lyme Disease https://www.cdc.gov/lyme/about/index.html","待查：本次未摘錄發布日","待查：依來源實際適用區域標示","時間有限的練習保留完整 22×30 結構；不可把待查改填 0 或推測值。由資料整理人員補查並記錄實際閱讀並核對日。"
"21","萊姆病","動物","宿主範圍廣度","本次未蒐集：待查「宿主範圍廣度」的疾病別證據。","US CDC About Lyme Disease https://www.cdc.gov/lyme/about/index.html","待查：本次未摘錄發布日","待查：依來源實際適用區域標示","時間有限的練習保留完整 22×30 結構；不可把待查改填 0 或推測值。由資料整理人員補查並記錄實際閱讀並核對日。"
"21","萊姆病","動物","WOAH 通報疾病","待查：依 WOAH Terrestrial Animal Health Code 第 1.3 章逐病核對。","WOAH Terrestrial Animal Health Code https://www.woah.org/en/what-we-do/standards/codes-and-manuals/terrestrial-code-online-access/","待查：實際閱讀並核對日","全球","疾病專頁或舊網頁不等於現行 Listed disease；由動物衛生或 WOAH 聯絡窗口補核。"
"21","萊姆病","動物","國內動物疫情活躍度","待查：依主管機關現行資料逐病核對。","疾管署／農業部現行法規與公告入口 https://www.cdc.gov.tw/；https://www.moa.gov.tw/","待查：須記錄實際查詢日","我國","本次未執行逐病互動查詢；待查不代表零。由疾病監測或動物衛生承辦人補，並記錄實際查詢日。"
"21","萊姆病","動物","野生動物保毒宿主","本次未蒐集：待查「野生動物保毒宿主」的疾病別證據。","US CDC About Lyme Disease https://www.cdc.gov/lyme/about/index.html","待查：本次未摘錄發布日","待查：依來源實際適用區域標示","時間有限的練習保留完整 22×30 結構；不可把待查改填 0 或推測值。由資料整理人員補查並記錄實際閱讀並核對日。"
"21","萊姆病","環境","病媒存在與氣候適生性","本次未蒐集：待查「病媒存在與氣候適生性」的疾病別證據。","US CDC About Lyme Disease https://www.cdc.gov/lyme/about/index.html","待查：本次未摘錄發布日","待查：依來源實際適用區域標示","時間有限的練習保留完整 22×30 結構；不可把待查改填 0 或推測值。由資料整理人員補查並記錄實際閱讀並核對日。"
"21","萊姆病","環境","環境存活／持久性","本次未蒐集：待查「環境存活／持久性」的疾病別證據。","US CDC About Lyme Disease https://www.cdc.gov/lyme/about/index.html","待查：本次未摘錄發布日","待查：依來源實際適用區域標示","時間有限的練習保留完整 22×30 結構；不可把待查改填 0 或推測值。由資料整理人員補查並記錄實際閱讀並核對日。"
"21","萊姆病","環境","氣候變遷敏感度","本次未蒐集：待查 氣候變遷敏感度 的可比較定義與資料。","US CDC About Lyme Disease https://www.cdc.gov/lyme/about/index.html","待查：本次未摘錄發布日","待查：依來源實際適用區域標示","時間有限的練習保留完整欄位；此格尚未作疾病別查證。由資料整理人員補查並記錄實際閱讀並核對日。"
"21","萊姆病","環境","跨境／境外移入風險","本次未蒐集：待查 跨境／境外移入風險 的可比較定義與資料。","US CDC About Lyme Disease https://www.cdc.gov/lyme/about/index.html","待查：本次未摘錄發布日","待查：依來源實際適用區域標示","時間有限的練習保留完整欄位；此格尚未作疾病別查證。由資料整理人員補查並記錄實際閱讀並核對日。"
"21","萊姆病","食安與抗藥性","食品鏈傳播關聯","本次未蒐集：待查 食品鏈傳播關聯 的可比較定義與資料。","US CDC About Lyme Disease https://www.cdc.gov/lyme/about/index.html","待查：本次未摘錄發布日","待查：依來源實際適用區域標示","時間有限的練習保留完整欄位；此格尚未作疾病別查證。由資料整理人員補查並記錄實際閱讀並核對日。"
"21","萊姆病","食安與抗藥性","抗微生物抗藥性關聯","本次未蒐集：待查 抗微生物抗藥性關聯 的可比較定義與資料。","US CDC About Lyme Disease https://www.cdc.gov/lyme/about/index.html","待查：本次未摘錄發布日","待查：依來源實際適用區域標示","時間有限的練習保留完整欄位；此格尚未作疾病別查證。由資料整理人員補查並記錄實際閱讀並核對日。"
"21","萊姆病","食安與抗藥性","食安事件頻率","本次未蒐集：待查 食安事件頻率 的可比較定義與資料。","US CDC About Lyme Disease https://www.cdc.gov/lyme/about/index.html","待查：本次未摘錄發布日","待查：依來源實際適用區域標示","時間有限的練習保留完整欄位；此格尚未作疾病別查證。由資料整理人員補查並記錄實際閱讀並核對日。"
"21","萊姆病","防治能力與資源","人用疫苗","本次未蒐集：待查「人用疫苗」的疾病別證據。","US CDC About Lyme Disease https://www.cdc.gov/lyme/about/index.html","待查：本次未摘錄發布日","待查：依來源實際適用區域標示","時間有限的練習保留完整 22×30 結構；不可把待查改填 0 或推測值。由資料整理人員補查並記錄實際閱讀並核對日。"
"21","萊姆病","防治能力與資源","動物疫苗","本次未蒐集：待查「動物疫苗」的疾病別證據。","US CDC About Lyme Disease https://www.cdc.gov/lyme/about/index.html","待查：本次未摘錄發布日","待查：依來源實際適用區域標示","時間有限的練習保留完整 22×30 結構；不可把待查改填 0 或推測值。由資料整理人員補查並記錄實際閱讀並核對日。"
"21","萊姆病","防治能力與資源","人用有效治療","本次未蒐集：待查「人用有效治療」的疾病別證據。","US CDC About Lyme Disease https://www.cdc.gov/lyme/about/index.html","待查：本次未摘錄發布日","待查：依來源實際適用區域標示","時間有限的練習保留完整 22×30 結構；不可把待查改填 0 或推測值。由資料整理人員補查並記錄實際閱讀並核對日。"
"21","萊姆病","防治能力與資源","實驗室診斷能力與資源","本次未蒐集：待查「實驗室診斷能力與資源」的疾病別證據。","US CDC About Lyme Disease https://www.cdc.gov/lyme/about/index.html","待查：本次未摘錄發布日","待查：依來源實際適用區域標示","時間有限的練習保留完整 22×30 結構；不可把待查改填 0 或推測值。由資料整理人員補查並記錄實際閱讀並核對日。"
"21","萊姆病","防治能力與資源","兩部門監測能力與資源","待補資料（補齊前不計分）：本次不評核，不能由公開頁面推論兩部門整合能力與資源。","疾管署與農業部官方入口（僅供負責單位循核准流程補件） https://www.cdc.gov.tw/；https://www.moa.gov.tw/","不適用（本次不評核）","我國","2026-09-10 演練討論結果：本次工作坊不使用此欄評分；不宣稱所有能力與資源資料均非公開，只是不以零散公開資訊推定內部整合能力與資源。由疾管署與農業部負責人員依核准流程補。"
"21","萊姆病","防治能力與資源","防治可行性（綜合）","本次未蒐集：待查「防治可行性（綜合）」的疾病別證據。","US CDC About Lyme Disease https://www.cdc.gov/lyme/about/index.html","待查：本次未摘錄發布日","待查：依來源實際適用區域標示","時間有限的練習保留完整 22×30 結構；不可把待查改填 0 或推測值。由資料整理人員補查並記錄實際閱讀並核對日。"
"21","萊姆病","防治能力與資源","跨部門合作現況","本次未蒐集：待查「跨部門合作現況」的疾病別證據。","US CDC About Lyme Disease https://www.cdc.gov/lyme/about/index.html","待查：本次未摘錄發布日","待查：依來源實際適用區域標示","時間有限的練習保留完整 22×30 結構；不可把待查改填 0 或推測值。由資料整理人員補查並記錄實際閱讀並核對日。"
"21","萊姆病","社會安全","生物恐怖／管制病原","本次未蒐集：待查「生物恐怖／管制病原」的疾病別證據。","US CDC About Lyme Disease https://www.cdc.gov/lyme/about/index.html","待查：本次未摘錄發布日","待查：依來源實際適用區域標示","時間有限的練習保留完整 22×30 結構；不可把待查改填 0 或推測值。由資料整理人員補查並記錄實際閱讀並核對日。"
"21","萊姆病","社會安全","經濟總負擔","本次未蒐集：待查「經濟總負擔」的疾病別證據。","US CDC About Lyme Disease https://www.cdc.gov/lyme/about/index.html","待查：本次未摘錄發布日","待查：依來源實際適用區域標示","時間有限的練習保留完整 22×30 結構；不可把待查改填 0 或推測值。由資料整理人員補查並記錄實際閱讀並核對日。"
"21","萊姆病","社會安全","社會關注／媒體顯著度","本次未蒐集：待查「社會關注／媒體顯著度」的疾病別證據。","US CDC About Lyme Disease https://www.cdc.gov/lyme/about/index.html","待查：本次未摘錄發布日","待查：依來源實際適用區域標示","時間有限的練習保留完整 22×30 結構；不可把待查改填 0 或推測值。由資料整理人員補查並記錄實際閱讀並核對日。"
"21","萊姆病","社會安全","職業暴露風險","本次未蒐集：待查「職業暴露風險」的疾病別證據。","US CDC About Lyme Disease https://www.cdc.gov/lyme/about/index.html","待查：本次未摘錄發布日","待查：依來源實際適用區域標示","時間有限的練習保留完整 22×30 結構；不可把待查改填 0 或推測值。由資料整理人員補查並記錄實際閱讀並核對日。"
"22","弓形蟲感染症","人類","人類致死率（未治療）","一般免疫正常者多無症狀；未治療致死率需按先天感染或免疫低下等族群分開查。","US CDC About Toxoplasmosis https://www.cdc.gov/toxoplasmosis/about/index.html","待查：本次未摘錄發布日","美國／旅遊與一般疾病背景；不代表我國現況","已於 2026-09-10 查證此列來源；僅採用頁面直接支持的疾病背景，不推定我國現況。"
"22","弓形蟲感染症","人類","重症或長期失能比例","孕婦感染可造成先天性疾病；免疫低下者可有嚴重腦炎或眼病，比例待查。","US CDC About Toxoplasmosis https://www.cdc.gov/toxoplasmosis/about/index.html","待查：本次未摘錄發布日","美國／旅遊與一般疾病背景；不代表我國現況","已於 2026-09-10 查證此列來源；僅採用頁面直接支持的疾病背景，不推定我國現況。"
"22","弓形蟲感染症","人類","人類年通報數／發生率","待查：NIDSS 逐病互動查詢，由疾病監測承辦人補。","疾管署 NIDSS 傳染病統計資料查詢系統 https://nidss.cdc.gov.tw/","待查：須記錄實際查詢日","我國","本次未執行逐病互動查詢；待查不代表零。由疾病監測或動物衛生承辦人補，並記錄實際查詢日。"
"22","弓形蟲感染症","人類","人傳人能力","一般不以人傳人傳播；可經母胎、移植或輸血等特殊途徑。","US CDC About Toxoplasmosis https://www.cdc.gov/toxoplasmosis/about/index.html","待查：本次未摘錄發布日","美國／旅遊與一般疾病背景；不代表我國現況","已於 2026-09-10 查證此列來源；僅採用頁面直接支持的疾病背景，不推定我國現況。"
"22","弓形蟲感染症","人類","高風險／易感族群衝擊","孕婦、胎兒與免疫低下者是重要高風險族群。","US CDC About Toxoplasmosis https://www.cdc.gov/toxoplasmosis/about/index.html","待查：本次未摘錄發布日","美國／旅遊與一般疾病背景；不代表我國現況","已於 2026-09-10 查證此列來源；僅採用頁面直接支持的疾病背景，不推定我國現況。"
"22","弓形蟲感染症","人類","法定傳染病分類／通報層級","待查：依主管機關現行資料逐病核對。","疾管署／農業部現行法規與公告入口 https://www.cdc.gov.tw/；https://www.moa.gov.tw/","待查：須記錄實際查詢日","我國","本次未執行逐病互動查詢；待查不代表零。由疾病監測或動物衛生承辦人補，並記錄實際查詢日。"
"22","弓形蟲感染症","動物","動物族群致死率","多數中間宿主不呈明顯疾病；特定動物臨床嚴重度待查。","US CDC About Toxoplasmosis https://www.cdc.gov/toxoplasmosis/about/index.html","待查：本次未摘錄發布日","美國／旅遊與一般疾病背景；不代表我國現況","已於 2026-09-10 查證此列來源；僅採用頁面直接支持的疾病背景，不推定我國現況。"
"22","弓形蟲感染症","動物","畜禽生產衝擊","待查：畜牧生產影響與我國情境。","US CDC About Toxoplasmosis https://www.cdc.gov/toxoplasmosis/about/index.html","待查：本次未摘錄發布日","美國／旅遊與一般疾病背景；不代表我國現況","已於 2026-09-10 查證此列來源；僅採用頁面直接支持的疾病背景，不推定我國現況。"
"22","弓形蟲感染症","動物","宿主範圍廣度","貓科是終宿主；多種溫血動物可作中間宿主。","US CDC About Toxoplasmosis https://www.cdc.gov/toxoplasmosis/about/index.html","待查：本次未摘錄發布日","美國／旅遊與一般疾病背景；不代表我國現況","已於 2026-09-10 查證此列來源；僅採用頁面直接支持的疾病背景，不推定我國現況。"
"22","弓形蟲感染症","動物","WOAH 通報疾病","待查：依 WOAH Terrestrial Animal Health Code 第 1.3 章逐病核對。","WOAH Terrestrial Animal Health Code https://www.woah.org/en/what-we-do/standards/codes-and-manuals/terrestrial-code-online-access/","待查：實際閱讀並核對日","全球","疾病專頁或舊網頁不等於現行 Listed disease；由動物衛生或 WOAH 聯絡窗口補核。"
"22","弓形蟲感染症","動物","國內動物疫情活躍度","待查：依主管機關現行資料逐病核對。","疾管署／農業部現行法規與公告入口 https://www.cdc.gov.tw/；https://www.moa.gov.tw/","待查：須記錄實際查詢日","我國","本次未執行逐病互動查詢；待查不代表零。由疾病監測或動物衛生承辦人補，並記錄實際查詢日。"
"22","弓形蟲感染症","動物","野生動物保毒宿主","貓科排出卵囊；野生與家養貓科的角色需依地區查。","US CDC About Toxoplasmosis https://www.cdc.gov/toxoplasmosis/about/index.html","待查：本次未摘錄發布日","美國／旅遊與一般疾病背景；不代表我國現況","已於 2026-09-10 查證此列來源；僅採用頁面直接支持的疾病背景，不推定我國現況。"
"22","弓形蟲感染症","環境","病媒存在與氣候適生性","非病媒傳播；未熟肉與貓糞污染食物或土壤為重要途徑。","US CDC About Toxoplasmosis https://www.cdc.gov/toxoplasmosis/about/index.html","待查：本次未摘錄發布日","美國／旅遊與一般疾病背景；不代表我國現況","已於 2026-09-10 查證此列來源；僅採用頁面直接支持的疾病背景，不推定我國現況。"
"22","弓形蟲感染症","環境","環境存活／持久性","卵囊可在環境存活；實際期間受條件影響，待查。","US CDC About Toxoplasmosis https://www.cdc.gov/toxoplasmosis/about/index.html","待查：本次未摘錄發布日","美國／旅遊與一般疾病背景；不代表我國現況","已於 2026-09-10 查證此列來源；僅採用頁面直接支持的疾病背景，不推定我國現況。"
"22","弓形蟲感染症","環境","氣候變遷敏感度","本次未蒐集：待查 氣候變遷敏感度 的可比較定義與資料。","US CDC About Toxoplasmosis https://www.cdc.gov/toxoplasmosis/about/index.html","待查：本次未摘錄發布日","待查：依來源實際適用區域標示","時間有限的練習保留完整欄位；此格尚未作疾病別查證。由資料整理人員補查並記錄實際閱讀並核對日。"
"22","弓形蟲感染症","環境","跨境／境外移入風險","本次未蒐集：待查 跨境／境外移入風險 的可比較定義與資料。","US CDC About Toxoplasmosis https://www.cdc.gov/toxoplasmosis/about/index.html","待查：本次未摘錄發布日","待查：依來源實際適用區域標示","時間有限的練習保留完整欄位；此格尚未作疾病別查證。由資料整理人員補查並記錄實際閱讀並核對日。"
"22","弓形蟲感染症","食安與抗藥性","食品鏈傳播關聯","本次未蒐集：待查 食品鏈傳播關聯 的可比較定義與資料。","US CDC About Toxoplasmosis https://www.cdc.gov/toxoplasmosis/about/index.html","待查：本次未摘錄發布日","待查：依來源實際適用區域標示","時間有限的練習保留完整欄位；此格尚未作疾病別查證。由資料整理人員補查並記錄實際閱讀並核對日。"
"22","弓形蟲感染症","食安與抗藥性","抗微生物抗藥性關聯","本次未蒐集：待查 抗微生物抗藥性關聯 的可比較定義與資料。","US CDC About Toxoplasmosis https://www.cdc.gov/toxoplasmosis/about/index.html","待查：本次未摘錄發布日","待查：依來源實際適用區域標示","時間有限的練習保留完整欄位；此格尚未作疾病別查證。由資料整理人員補查並記錄實際閱讀並核對日。"
"22","弓形蟲感染症","食安與抗藥性","食安事件頻率","本次未蒐集：待查 食安事件頻率 的可比較定義與資料。","US CDC About Toxoplasmosis https://www.cdc.gov/toxoplasmosis/about/index.html","待查：本次未摘錄發布日","待查：依來源實際適用區域標示","時間有限的練習保留完整欄位；此格尚未作疾病別查證。由資料整理人員補查並記錄實際閱讀並核對日。"
"22","弓形蟲感染症","防治能力與資源","人用疫苗","無常規人用疫苗。","US CDC About Toxoplasmosis https://www.cdc.gov/toxoplasmosis/about/index.html","待查：本次未摘錄發布日","美國／旅遊與一般疾病背景；不代表我國現況","已於 2026-09-10 查證此列來源；僅採用頁面直接支持的疾病背景，不推定我國現況。"
"22","弓形蟲感染症","防治能力與資源","動物疫苗","待查：動物疫苗及我國是否容易取得。","US CDC About Toxoplasmosis https://www.cdc.gov/toxoplasmosis/about/index.html","待查：本次未摘錄發布日","美國／旅遊與一般疾病背景；不代表我國現況","已於 2026-09-10 查證此列來源；僅採用頁面直接支持的疾病背景，不推定我國現況。"
"22","弓形蟲感染症","防治能力與資源","人用有效治療","有藥物治療，但族群、病型與療程需依臨床指引。","US CDC About Toxoplasmosis https://www.cdc.gov/toxoplasmosis/about/index.html","待查：本次未摘錄發布日","美國／旅遊與一般疾病背景；不代表我國現況","已於 2026-09-10 查證此列來源；僅採用頁面直接支持的疾病背景，不推定我國現況。"
"22","弓形蟲感染症","防治能力與資源","實驗室診斷能力與資源","待查：我國檢驗能力與資源。","US CDC About Toxoplasmosis https://www.cdc.gov/toxoplasmosis/about/index.html","待查：本次未摘錄發布日","美國／旅遊與一般疾病背景；不代表我國現況","已於 2026-09-10 查證此列來源；僅採用頁面直接支持的疾病背景，不推定我國現況。"
"22","弓形蟲感染症","防治能力與資源","兩部門監測能力與資源","待補資料（補齊前不計分）：本次不評核，不能由公開頁面推論兩部門整合能力與資源。","疾管署與農業部官方入口（僅供負責單位循核准流程補件） https://www.cdc.gov.tw/；https://www.moa.gov.tw/","不適用（本次不評核）","我國","2026-09-10 演練討論結果：本次工作坊不使用此欄評分；不宣稱所有能力與資源資料均非公開，只是不以零散公開資訊推定內部整合能力與資源。由疾管署與農業部負責人員依核准流程補。"
"22","弓形蟲感染症","防治能力與資源","防治可行性（綜合）","食品充分加熱、處理貓砂與土壤防護、孕期風險衛教。","US CDC About Toxoplasmosis https://www.cdc.gov/toxoplasmosis/about/index.html","待查：本次未摘錄發布日","美國／旅遊與一般疾病背景；不代表我國現況","已於 2026-09-10 查證此列來源；僅採用頁面直接支持的疾病背景，不推定我國現況。"
"22","弓形蟲感染症","防治能力與資源","跨部門合作現況","待查：本次未蒐集跨部門合作現況。","US CDC About Toxoplasmosis https://www.cdc.gov/toxoplasmosis/about/index.html","待查：本次未摘錄發布日","美國／旅遊與一般疾病背景；不代表我國現況","已於 2026-09-10 查證此列來源；僅採用頁面直接支持的疾病背景，不推定我國現況。"
"22","弓形蟲感染症","社會安全","生物恐怖／管制病原","待查：依我國法規與管制清單核對。","US CDC About Toxoplasmosis https://www.cdc.gov/toxoplasmosis/about/index.html","待查：本次未摘錄發布日","美國／旅遊與一般疾病背景；不代表我國現況","已於 2026-09-10 查證此列來源；僅採用頁面直接支持的疾病背景，不推定我國現況。"
"22","弓形蟲感染症","社會安全","經濟總負擔","待查：疾病負擔估計。","US CDC About Toxoplasmosis https://www.cdc.gov/toxoplasmosis/about/index.html","待查：本次未摘錄發布日","美國／旅遊與一般疾病背景；不代表我國現況","已於 2026-09-10 查證此列來源；僅採用頁面直接支持的疾病背景，不推定我國現況。"
"22","弓形蟲感染症","社會安全","社會關注／媒體顯著度","待查：可重現媒體量測。","US CDC About Toxoplasmosis https://www.cdc.gov/toxoplasmosis/about/index.html","待查：本次未摘錄發布日","美國／旅遊與一般疾病背景；不代表我國現況","已於 2026-09-10 查證此列來源；僅採用頁面直接支持的疾病背景，不推定我國現況。"
"22","弓形蟲感染症","社會安全","職業暴露風險","肉品處理、獸醫與動物照護人員的暴露依工作流程評估。","US CDC About Toxoplasmosis https://www.cdc.gov/toxoplasmosis/about/index.html","待查：本次未摘錄發布日","美國／旅遊與一般疾病背景；不代表我國現況","已於 2026-09-10 查證此列來源；僅採用頁面直接支持的疾病背景，不推定我國現況。"
